GVKEY,fyear,conm,at,capx,ceq
5878,2020,ILLINOIS TOOL WORKS,15612,236,3181
5959,2020,TRANE TECHNOLOGIES PLC,18156.7,146.2,6407.7
5987,2020,GRIFFON CORP,2456.017,48.998,700.151
6008,2020,INTEL CORP,153091,14259,81038
6013,2020,INTELLIGENT SYSTEM CORP,57.025,,44.151
6078,2020,INTL FLAVORS & FRAGRANCES,13555.671,191.794,6323.035
6081,2020,NAVISTAR INTERNATIONAL CORP,6637,245,-3828
6104,2020,INTL PAPER CO,31718,751,7854
6158,2020,INVACARE CORP,945.981,22.304,333.846
6216,2020,JACOBS ENGINEERING GROUP INC,12354.353,118.269,5815.712
6239,2020,JEFFERIES GROUP LLC,47751.997,101.311,6348.743
6268,2020,JOHNSON CONTROLS INTL PLC,40815,443,17447
6304,2020,KLA CORP,9279.96,152.675,2665.424
6310,2020,KINDER MORGAN INC,71973,1707,31436
6335,2020,KANSAS CITY SOUTHERN,9964,490.1,4051.8
6375,2020,KELLOGG CO,17996,505,3112
6386,2020,KENNAMETAL INC,3037.591,244.151,1229.885
6416,2020,KEY TRONIC CORP,304.861,8.623,115.557
6433,2020,KIMBALL INTERNATIONAL  -CL B,386.267,17.551,244.796
6435,2020,KIMBERLY-CLARK CORP,17523,1217,626
6497,2020,KOSS CORP,22.58,0.424,15.156
6509,2020,KULICKE & SOFFA INDUSTRIES,1054.566,11.719,757.994
6527,2020,LSI INDUSTRIES INC,172.263,2.739,125.7
6547,2020,SPIRE INC,8241.2,638.4,2280.3
6565,2020,LAM RESEARCH CORP,14559.047,203.239,5172.494
6573,2020,LANCASTER COLONY CORP,993.353,82.642,783.3
6639,2020,LEE ENTERPRISES INC,864.057,8.096,-31.564
6649,2020,LEGGETT & PLATT INC,4754,66.2,1390.3
6669,2020,LENNAR CORP,29935.177,72.752,17994.856
6669,2020,LENNAR CORP,29935.177,72.752,17994.856
6682,2020,JEFFERIES FINANCIAL GRP INC,53118.352,176.958,9403.893
6742,2020,LINCOLN NATIONAL CORP,365944,,22699
6774,2020,LOCKHEED MARTIN CORP,50710,1766,6015
6781,2020,LOEWS CORP,80236,710,17860
6831,2020,LUBYS INC,177.403,2.12,73.599
6865,2020,MDC HOLDINGS INC,3864.92,26.777,2119.912
6900,2020,MTS SYSTEMS CORP,1150.231,23.893,221.183
6994,2020,MANITOWOC CO,1603.5,26.3,643.5
7034,2020,MARINE PETROLEUM TRUST,0.937,,0.937
7065,2020,MARSH & MCLENNAN COS,33030,348,9260
7085,2020,MASCO CORP,5777,114,195
7092,2020,CCUR HOLDINGS INC,69.85,0.326,60.028
7116,2020,MATTEL INC,5521.1,,596.3
7138,2020,MAYS (J.W.) INC,100.42,6.362,53.702
7146,2020,MCCORMICK & CO INC,12089.7,225.3,3926.1
7146,2020,MCCORMICK & CO INC,12089.7,225.3,3926.1
7163,2020,S&P GLOBAL INC,12537,76,509
7185,2020,GENCOR INDUSTRIES INC,171.094,1.595,161.22
7260,2020,MEREDITH CORP,5510.1,55.4,388.2
7295,2020,EVI INDUSTRIES INC,160.718,3.375,87.826
7343,2020,MICRON TECHNOLOGY INC,53678,8223,38996
7435,2020,3M CO,47344,1501,12867
7525,2020,MONMOUTH RE INVESTMENT CP,1939.783,0,565.611
7549,2020,MOOG INC  -CL A,3225.831,88.284,1243.083
7549,2020,MOOG INC  -CL A,3225.831,88.284,1243.083
7585,2020,MOTOROLA SOLUTIONS INC,10876,217,-558
7632,2020,INTERGROUP CORP,130.217,2.34,-51.877
7647,2020,BANK OF AMERICA CORP,2819627,,248414
7648,2020,NCR CORP,8414,31,1048
7685,2020,NAPCO SECURITY TECH INC,105.838,1.615,77.901
7733,2020,NATIONAL FUEL GAS CO,6964.935,1221.17,1971.986
7849,2020,NEW JERSEY RESOURCES CORP,5569.802,448.109,1844.692
7875,2020,NEWELL BRANDS INC,14700,259,3874
7911,2020,NOBILITY HOMES INC,59.825,0.318,50.941
7921,2020,NORDSON CORP,3674.656,50.535,1758.991
7923,2020,NORFOLK SOUTHERN CORP,37962,1494,14791
7959,2020,NORTH EUROPEAN OIL RTY TR,0.65,0,0.466
7985,2020,NORTHROP GRUMMAN CORP,44469,1420,10579
8007,2020,WELLS FARGO & CO,1955163,,164626
8030,2020,NUCOR CORP,20125.394,1543.219,10788.665
8105,2020,OIL DRI CORP AMERICA,235.882,14.74,148.138
8123,2020,OLIN CORP,8270.9,298.9,1452.3
8215,2020,O-I GLASS INC,8882,311,401
8245,2020,PNC FINANCIAL SVCS GROUP INC,466679,,50015
8307,2020,SALIENT MIDSTREAM & MLP FUND,,,
8358,2020,PARKER-HANNIFIN CORP,19738.189,232.591,6113.983
8386,2020,PATRICK INDUSTRIES INC,1753.435,32.1,559.441
8431,2020,AMERICAN FINANCIAL GROUP INC,73566,,6789
8463,2020,PENTAIR PLC,4197.2,62.2,2106.3
8479,2020,PEPSICO INC,92918,4240,13454
8546,2020,KONINKLIJKE PHILIPS NV,33404.862,618.363,14307.932
8549,2020,CONOCOPHILLIPS,62618,4715,29849
8606,2020,PITNEY BOWES INC,5217.824,104.988,66.395
8644,2020,KINROSS GOLD CORP,10933.2,916.1,6596.5
8692,2020,POTLATCHDELTIC CORP,2381.065,45.785,1304.953
8699,2020,POWELL INDUSTRIES INC,472.278,5.13,306.626
8762,2020,PROCTER & GAMBLE CO,120700,3073,46704
8823,2020,PULTEGROUP INC,12205.498,58.354,6569.989
8826,2020,PURE CYCLE CORP,89.761,8.631,82.043
8864,2020,AMTECH SYSTEMS INC,102.098,2.676,81.519
8898,2020,RAYMOND JAMES FINANCIAL CORP,47482,124,7114
8901,2020,RPC INC,790.505,,631.567
9023,2020,REGIS CORP/MN,1342.794,37.494,125.703
9171,2020,RGC RESOURCES INC,281.68,22.916,88.888
9203,2020,ROCKWELL AUTOMATION,7264.7,113.9,1027.8
9215,2020,ROGERS COMMUNICATIONS  -CL B,38854,2312,9573
9225,2020,ROLLINS INC,1845.9,,941.36
9273,2020,ROYAL GOLD INC,2766.287,155.985,2272.217
9317,2020,SEI INVESTMENTS CO,2167.256,,1739.907
9465,2020,SCHLUMBERGER LTD,42434,1217,12071
9555,2020,SEALED AIR CORP,6083.8,181.1,172.5
9667,2020,SHERWIN-WILLIAMS CO,20401.6,303.8,3610.8
9698,2020,SIFCO INDUSTRIES,121.948,9.026,45.523
9771,2020,SMITH (A.O.),3160.7,56.8,1848.3
9778,2020,SNAP-ON INC,6557.3,65.6,3824.9
9783,2020,KEYCORP,170336,,16081
9815,2020,SONOCO PRODUCTS CO,5277.259,183.663,1910.528
9882,2020,SOUTHWEST AIRLINES,34588,515,8876
9899,2020,AT&T INC,525761,15675,161673
10008,2020,STANDEX INTERNATIONAL CORP,930.878,21.521,461.632
10016,2020,STANLEY BLACK & DECKER INC,23566.3,348.1,
10030,2020,STARRETT (L.S.) CO  -CL A,172.683,9.277,45.983
10035,2020,STATE STREET CORP,314706,,23729
10086,2020,STEWART INFORMATION SERVICES,1978.575,,1005.112
10115,2020,STRYKER CORP,34330,487,13084
10121,2020,NAVIENT CORP,87412,,2433
10247,2020,SYSCO CORP,22628.266,720.423,1158.613
10364,2020,TECHNICAL COMMUNICATIONS CP,3.281,0.003,1.364
10380,2020,SUNLINK HEALTH SYSTEMS INC,27.971,1.185,13.743
10405,2020,ALLEGHENY TECHNOLOGIES INC,4034.9,136.5,521.1
10453,2020,TERADYNE INC,3652.346,184.977,2207.018
10499,2020,TEXAS INSTRUMENTS INC,19351,649,9187
10549,2020,THOR INDUSTRIES INC,5771.46,106.697,2319.782
10581,2020,TIMKEN CO,5041.6,121.6,2152.9
10614,2020,GLOBE LIFE INC,29046.731,,8771.092
10618,2020,TORO CO,2853.228,78.068,1114.828
10740,2020,TRIO-TECH INTERNATIONAL,35.66,1.017,23.966
10777,2020,TWIN DISC INC,294.127,10.699,139.389
10789,2020,TYLER TECHNOLOGIES INC,2607.274,22.69,1986.111
10793,2020,TYSON FOODS INC  -CL A,34741,1199,15465
10795,2020,UNITED AIRLINES HOLDINGS INC,59548,1767,5960
10801,2020,UGI CORP,13985,655,4128
10839,2020,UNIFI INC,474.162,18.509,316.155
10840,2020,UNIFIRST CORP,2199.027,116.717,1741.129
10846,2020,UNILEVER PLC,81555.211,1123.42,18401.423
10867,2020,UNION PACIFIC CORP,62398,2927,16958
10894,2020,UDR INC,9637.533,,3189.435
10916,2020,UMB FINANCIAL CORP,33127.504,,3016.948
10920,2020,UNITED PARCEL SERVICE INC,62492,5412,741
10983,2020,RAYTHEON TECHNOLOGIES CORP,162153,1795,72163
10999,2020,UNITIL CORP,1477.9,122.6,389
11012,2020,SENSIENT TECHNOLOGIES CORP,1740.86,52.162,934.336
11115,2020,VARIAN MEDICAL SYSTEMS INC,4462.2,84.3,2075.5
11124,2020,VEECO INSTRUMENTS INC,898.064,,408.374
11178,2020,VILLAGE SUPER MARKET  -CL A,915.546,54.495,332.32
11191,2020,VISHAY INTERTECHNOLOGY INC,3154.473,123.599,1576.215
11213,2020,VOLT INFO SCIENCES INC,241.845,5.268,27.874
11234,2020,WD-40 CO,362.637,19.307,160.313
11264,2020,WALGREENS BOOTS ALLIANCE INC,87174,1374,20637
11301,2020,WASHINGTON REIT,2409.818,,1320.787
11313,2020,WATSCO INC,2496.917,16.342,1486.678
11313,2020,WATSCO INC,2496.917,16.342,1486.678
11399,2020,WESTERN DIGITAL CORP,25662,647,9551
11456,2020,WEYERHAEUSER CO,16311,706,8731
11465,2020,WHIRLPOOL CORP,20350,410,3799
11537,2020,WINNEBAGO INDUSTRIES,1713.7,32.377,827.466
11550,2020,WEC ENERGY GROUP INC,37028.1,2238.8,10469.7
11580,2020,WOODWARD INC,3903.336,47.087,1992.677
11636,2020,XEROX HOLDINGS CORP,14741,74,5592
11649,2020,YELLOW CORP,2185.8,140.6,-223.3
11670,2020,SPECTRUM BRND HLDG INC,5107.3,61,1407.5
11687,2020,ZIONS BANCORPORATION NA,81476,,7320
11721,2020,OSHKOSH CORP,5815.9,130.2,2850.7
11729,2020,WHITE MTNS INS GROUP LTD,4831.4,,3906
11745,2020,QUALYS INC,736.819,30.037,404.482
11796,2020,LCI INDUSTRIES,2298.031,57.346,908.326
11811,2020,HENRY (JACK) & ASSOCIATES,2428.474,53.538,1549.688
11842,2020,ASSOCIATED BANC-CORP,33419.783,54.682,3737.421
11856,2020,TRUIST FINANCIAL CORP,509228,,62759
11861,2020,VALLEY NATIONAL BANCORP,40686.076,,4382.429
11872,2020,ARK RESTAURANTS CORP,153.316,2.486,36.527
11896,2020,FIRST MIDWEST BANCORP INC,20838.678,,2459.506
11922,2020,NATURAL GROCERS VITAMIN CTGE,681.792,26.752,173.066
11944,2020,TUESDAY MORNING CORP,505.39,15.825,6.935
12141,2020,MICROSOFT CORP,301311,15441,118304
12151,2020,COTY INC,16728.8,267.4,3004.6
12304,2020,DLH HOLDINGS CORP,183.562,0.152,53.437
12384,2020,ROYAL DUTCH SHELL PLC,379267,16584,155310
12384,2020,ROYAL DUTCH SHELL PLC,379267,16584,155310
12389,2020,HARLEY-DAVIDSON INC,12010.601,131.05,1722.785
12395,2020,TOLL BROTHERS INC,11065.733,109.564,4875.235
12407,2020,U S GLOBAL INVESTORS INC,18.816,0,16.764
12433,2020,MERIDIAN BIOSCIENCE INC,405.261,3.299,247.629
12445,2020,WATTS WATER TECHNOLOGIES INC,1738.2,43.8,1069.8
12458,2020,PRO-DEX INC/CO,31.126,0.519,19.062
12459,2020,NVR INC,5777.141,,3103.074
12482,2020,CLEARFIELD INC,95.297,1.806,82.753
12540,2020,ADOBE INC,24284,419,13264
12568,2020,DAILY JOURNAL CORP,238.575,0.184,141.741
12589,2020,ENCOMPASS HEALTH CORP,6445.9,396,1588
12603,2020,CNO FINANCIAL GROUP INC,35339.9,,5484.2
12615,2020,M/I HOMES INC,2643.045,,1258.698
12625,2020,MARTEN TRANSPORT LTD,831.636,,620.333
12635,2020,FISERV INC,74619,900,32330
12689,2020,KB HOME,5356.442,28.841,2665.769
12711,2020,CEL-SCI CORP,40.536,2.655,19.727
12717,2020,ANIXA BIOSCIENCES INC,9.453,0.016,8.761
12726,2020,UNUM GROUP,70625.8,,10871
12756,2020,COCA-COLA EUROPEAN PARTNERS,23188.01,419.475,7262.451
12785,2020,PILGRIM'S PRIDE CORP,7474.497,354.762,2563.761
12818,2020,ISORAY INC,8.699,0.273,5.723
12825,2020,J & J SNACK FOODS CORP,1056.553,57.817,809.498
12840,2020,HEARTLAND EXPRESS INC,951.176,,724.334
12850,2020,CERNER CORP,7521.096,,4482.567
12945,2020,PLEXUS CORP,2289.848,50.088,977.48
12972,2020,INGLES MARKETS INC  -CL A,1899.299,122.767,819.331
13041,2020,SYNOVUS FINANCIAL CORP,54366.086,,4624.189
13092,2020,JACK IN THE BOX INC,1906.494,19.528,-793.361
13125,2020,HEALTHPEAK PROPERTIES INC,15920.089,0,6788.345
13142,2020,CAPSTEAD MORTGAGE CORP,8405.25,,659.217
13189,2020,CEDAR REALTY TRUST INC,1177.251,,323.957
13200,2020,PHOTRONICS INC,1188.182,70.815,804.962
13312,2020,BHP GROUP LTD,104783,7640,47936
13312,2020,BHP GROUP LTD,104783,7640,47936
13323,2020,SANDERSON FARMS INC,1849.031,202.437,1419.273
13498,2020,CARNIVAL CORPORATION & PLC,53593,3620,20555
13498,2020,CARNIVAL CORPORATION & PLC,53593,3620,20555
13510,2020,DUKE REALTY CORP,9111.394,,5162.972
13562,2020,BRANDYWINE REALTY TRUST,3900.106,,1794.143
13579,2020,EQUITY COMMONWEALTH,3277.671,,3117.415
13649,2020,NATIONAL HOLDINGS CORP,107.237,0.24,46.635
13765,2020,NATURAL ALTERNATIVES,120.203,4.541,71.375
13824,2020,FAIR ISAAC CORP,1606.24,21.989,331.082
13906,2020,JOHNSON OUTDOORS INC  -CL A,546.026,15.6,378.1
13935,2020,BLACKROCK MUNI 30 TARG TERM,,,
13962,2020,FERRELLGAS PARTNERS  -LP,1668.19,70.455,-1200.042
14084,2020,ALBANY INTL CORP  -CL A,1549.936,42.39,816.066
14113,2020,MITEK SYSTEMS INC,169.154,0.803,132.243
14140,2020,BANCO SANTANDER SA,1818023.435,,98210.029
14172,2020,FULTON FINANCIAL CORP,25906.733,,2423.95
14219,2020,BANCORPSOUTH BANK,24081.194,,2655.484
14225,2020,FASTENAL CO,3964.7,168.1,2733.2
14253,2020,WESTAMERICA BANCORPORATION,6747.931,,844.809
14256,2020,MAXIM INTEGRATED PRODUCTS,3629.303,67.049,1657.457
14275,2020,FIRST REPUBLIC BANK,142502.134,,10205.646
14282,2020,AMPHENOL CORP,12327.3,276.8,5384.9
14311,2020,POLARIS INC,4632.7,213.9,1144.5
14353,2020,SHAW COMMUNICATIONS INC-CL B,16165,1001,5940
14418,2020,MGM RESORTS INTERNATIONAL,36494.934,,6504.726
14501,2020,NUZEE INC,8.175,0.12,6.39
14561,2020,II-VI INC,5234.714,136.877,2076.803
14590,2020,FREEPORT-MCMORAN INC,42144,1961,10174
14659,2020,BANCROFT FUND LTD,,,
14661,2020,CENTRAL SECURITIES CORP,,,
14666,2020,ELLSWORTH GRWTH INCM FD LTD,,,
14667,2020,ABERDEEN ASIA PACIFIC INCOME,,,
14672,2020,ABERDEEN AUSTRALIA EQTY FD,,,
14681,2020,TEMPLETON EMERGING MKTS FUND,,,
14691,2020,CORNERSTONE STRAT VALUE FD,,,
14692,2020,MFS HIGH YIELD MUNICIPAL TR,,,
14694,2020,TAIWAN FUND INC,,,
14700,2020,DNP SELECT INCOME FUND INC,,,
14701,2020,CORNERSTONE TOTAL RETURN FD,,,
14703,2020,CREDIT SUISSE ASST INCOME FD,,,
14708,2020,GABELLI EQUITY TRUST,,,
14710,2020,EUROPEAN EQUITY FUND INC,,,
14714,2020,LIBERTY ALL-STAR GROWTH FUND,,,
14715,2020,JOHN HANCOCK INVESTORS TRUST,,,
14716,2020,TEKLA HEALTHCARE INVESTORS,,,
14718,2020,SWISS HELVETIA FUND,,,
14728,2020,KOREA FUND,,,
14729,2020,LIBERTY ALL-STAR EQUITY,,,
14733,2020,MFS GVT MKTS INCOME TR,,,
14734,2020,MFS INTERM INCOME SBI,,,
14735,2020,MFS MULTIMARKET INCOME TR,,,
14737,2020,MFS MUNICIPAL INC TR,,,
14739,2020,BARINGS CORPORATE INVESTORS,,,
14740,2020,MEXICO FUND INC,,,
14743,2020,NEW AMERICA HI INCOME FUND,,,
14747,2020,NUVEEN MUNICIPAL INCOME FUND,,,
14748,2020,NUVEEN MUNI VALUE FUND INC,,,
14749,2020,NUVEEN N Y MUNI VALUE FUND,,,
14752,2020,WESTERN ASST INV GRD INCM FD,,,
14753,2020,ADAMS NATURAL RESOURCES FUND,,,
14757,2020,HIGH INCOME SECURITIES FUND,,,
14760,2020,PUTNAM MASTER INTERM INCOME,,,
14763,2020,ROYCE VALUE TRUST,,,
14769,2020,TCW STRATEGIC INCOME FUND,,,
14770,2020,TEMPLETON GLOBAL INCOME FUND,,,
14779,2020,BNY MELLON STRATEGIC MUNS IN,,,
14790,2020,MERITAGE HOMES CORP,3864.398,19.932,2347.868
14793,2020,ARCH RESOURCES INC,1722.472,285.821,283.561
14804,2020,PUTNAM PREMIER INCOME TR,,,
14824,2020,CINCINNATI FINANCIAL CORP,27542,,10789
14846,2020,BLACKSTONE/GSO STRATEGIC CRD,,,
14847,2020,CUSHING NEXTGEN INFRSTR INC,,,
14924,2020,NAM TAI PROPERTY INC,700.851,0.68,420.777
14954,2020,LINDSAY CORP,570.526,21.445,298.518
14960,2020,LABORATORY CP OF AMER HLDGS,20071.7,381.7,9359.7
14969,2020,BNY MELLON MUNICIPAL INCOME,,,
14971,2020,BLACKROCK MUNIVEST FUND INC,,,
14995,2020,BOULDER GROWTH & INC FUND,,,
15070,2020,SUNCOR ENERGY INC,84616,3926,35757
15143,2020,BLACKROCK INCOME TRUST INC,,,
15199,2020,1ST SOURCE CORP,7316.411,,886.845
15210,2020,VIRTUS GLOBAL DIV & INCM FD,,,
15226,2020,DWS MUNICIPAL INCOME TRUST,,,
15267,2020,IDEX CORP,4414.398,51.545,2540.203
15343,2020,MUELLER INDUSTRIES,1528.568,43.885,776.745
15362,2020,WESTPAC BANKING,653729.803,172.044,48762.386
15363,2020,TCF FINANCIAL CORP,47802.487,,5501.511
15372,2020,MFS HIGH INCOME MUNI TRUST,,,
15373,2020,MFS INTERMEDIATE HIGH INCOME,,,
15374,2020,MFS INVESTMENT GRADE MUNI TR,,,
15377,2020,FRANKLIN UNIVERSAL TRUST,,,
15381,2020,DWS STRATEGIC MUN INCM TRUST,,,
15384,2020,BARINGS PARTICIPATON INVSTRS,,,
15385,2020,WESTERN ASST MUNI HI INCM FD,,,
15386,2020,BLACKROCK MUNIENHANCED FUND,,,
15391,2020,PUTNAM MANAGED MUNI INCOME,,,
15392,2020,NUVEEN MULTI-MKT INCM FD,,,
15398,2020,INVESCO HIGH INCOME TRUST II,,,
15414,2020,BIO-TECHNE CORP,2027.589,51.744,1381.192
15417,2020,BROWN & BROWN INC,8966.5,70.7,3754.2
15580,2020,BANK OF MONTREAL,949261,399,51903
15581,2020,CANADIAN IMPERIAL BANK,769551,309,37579
15582,2020,BANK OF NOVA SCOTIA,1136466,771,62819
15633,2020,ROYAL BANK OF CANADA,1624548,2629,80719
15706,2020,TORONTO DOMINION BANK,1715865,1757,89849
16068,2020,BARINGS GLBL SH DUR HI YLD F,,,
16113,2020,ARTISAN PARTNERS ASSET MGMT,1152,,
16269,2020,ENANTA PHARMACEUTICALS INC,486.132,1.445,455.58
16476,2020,LEVI STRAUSS & CO,5641.241,130.383,1299.475
16477,2020,LEAR CORP,13198.6,452.3,4467.3
16484,2020,NUVEEN CAL MUNI VAL FD,,,
16530,2020,ARES DYNAMIC CREDIT ALLOC FD,,,
16533,2020,FIRST TR MLP & ENRGY INCM FD,,,
16549,2020,SERVISFIRST BANCSHARES INC,11932.654,,992.352
16571,2020,ABERDEEN EMRG MKT EQT INM FD,,,
16579,2020,MFS CHARTER INCOME TR,,,
16653,2020,TAYLOR MORRISON HOME CORP,7737.995,,
16654,2020,NUVEEN INTER DURATION MUNI,,,
16689,2020,NORTHEAST BANK,1257.635,1.155,164.739
16705,2020,CENTRAL PACIFIC FINANCIAL CP,6594.583,,546.685
16710,2020,DIGI INTERNATIONAL INC,528.682,0.899,371.5
16777,2020,FIRST BANCORP/NC,7289.751,,893.421
16790,2020,COMMUNITY BANK SYSTEM INC,13931.094,,2104.107
16798,2020,PGIM GLOBAL HI YIELD FND INC,,,
16821,2020,FIRST BANCORP P R,18793.071,,2239.075
16832,2020,GLACIER BANCORP INC,18504.206,,2307.041
16845,2020,FIRST MERCHANTS CORP,14067.21,,1875.52
16889,2020,INDEPENDENT BANK CORP/MA,13204.301,,1702.685
16967,2020,HINGHAM INSTN FOR SAVINGS,2857.093,,292.943
16981,2020,OFG BANCORP,9826.011,,993.975
16989,2020,PEOPLES BANCORP NC INC,1414.855,,139.899
17095,2020,OLD NATIONAL BANCORP,22960.622,30.871,2972.656
17102,2020,MFS SPECIAL VALUE TRUST,,,
17106,2020,PEOPLES BANCORP INC/OH,4760.764,,575.673
17115,2020,SELECTIVE INS GROUP INC,9687.9,,2538.9
17120,2020,SVB FINANCIAL GROUP,115511.007,,7879.562
17145,2020,WASHINGTON FEDERAL INC,18794.055,31.937,2014.133
17150,2020,WEBSTER FINANCIAL CORP,32590.69,,3089.588
17151,2020,WESBANCO INC,16425.61,,2612.253
17175,2020,KINTARA THERAPEUTICS INC,2.938,0,-4.54
17200,2020,BNY MELLON STRG MNPL BD FD,,,
17245,2020,TRUSTCO BANK CORP/NY,5901.796,,568.161
17280,2020,SPROTT FOCUS TRUST INC,,,
17306,2020,PENNYMAC FINANCIAL SERVICES,31597.795,,3389.388
17367,2020,AMERICAN NATL BANKSHARES,3050.01,,337.894
17451,2020,INDEPENDENT BK GRP INC,17753.476,,2515.371
17553,2020,MODEL N INC,320.29,0.579,124.671
17594,2020,RELIANT BANCORP INC,3026.535,,321.972
17626,2020,ARMADA HOFFLER PROPERTIES,1916.971,,585.717
17839,2020,BNY MELLON MUN BD INFRASTRUC,,,
17840,2020,DOUBLELINE INCOME SOLTNS FD,,,
17874,2020,T-MOBILE US INC,200162,11034,65344
17878,2020,NEW RESIDENTIAL INV CP,33252.114,,4508.024
17928,2020,IQVIA HOLDINGS INC,24564,616,6001
17987,2020,ELMIRA SVGS BANK ELMIRA/NY,644.587,,51.011
18004,2020,CENTURY COMMUNITIES INC,2845.093,8.522,1280.705
18038,2020,FIRST TRUST INT DUR PFD INCM,,,
18039,2020,FLAHERTY & CRUMRINE DYNM PFD,,,
18040,2020,REPUBLIC FIRST BANCORP INC,5065.735,,308.093
18043,2020,NEWS CORP,14261,438,7582
18043,2020,NEWS CORP,14261,438,7582
18046,2020,IVY HI INCM OPPORTUNITIES FD,,,
18071,2020,REXFORD INDUS REALTY,4951.174,,3002.814
18243,2020,EATON VANCE FLTG-RT INCM PL,,,
18245,2020,PRINCIPAL REAL EST INCME FD,,,
18276,2020,FIRST FINANCIAL CORP/IN,4557.544,,596.992
18289,2020,ARDMORE SHIPPING CORP,752.008,20.993,320.335
18306,2020,SANTANDER CONSUMER USA HLDGS,48887.493,,5621.961
18307,2020,FIRST LONG ISLAND CORP,4069.141,,407.118
18323,2020,OAKTREE STRATEGIC INCOME CP,544.37,0,266.681
18329,2020,FIRST BUSEY CORP,10544.047,,1270.069
18428,2020,KKR INCOME OPPORTUNITIES FD,,,
18487,2020,FIREEYE INC,3245.882,26.326,732.904
18494,2020,INDEPENDENCE REALTY TRUST,1734.897,,708.06
18498,2020,MURPHY USA INC,2685.7,230.7,784.1
18556,2020,CHEGG INC,2251.258,139.884,609.635
18624,2020,PREMIER INC,2948.515,94.397,139.263
18636,2020,DIAGEO PLC,41241.966,866.74,8385.09
18699,2020,PTC INC,3382.738,20.196,1438.248
18732,2020,LAKELAND FINANCIAL CORP,5830.435,,657.095
18750,2020,CRITEO SA,1853.41,67.287,1117.142
18767,2020,FIRST EAGLE SENIOR LOAN FUND,,,
18790,2020,CENTER COAST MLP & INFRAS FD,,,
18817,2020,ROYCE GLOBAL VALUE TRUST INC,,,
18872,2020,TWITTER INC,13379.09,873.354,7970.082
19033,2020,MOXIAN INC,2.296,0,0.401
19044,2020,VARONIS SYSTEMS INC,555.482,10.116,94.071
19094,2020,N B T BANCORP INC,10932.906,,1187.618
19124,2020,NASB FINANCIAL INC,2552.198,5.087,350.382
19137,2020,OHIO VALLEY BANC CORP,1186.932,,136.324
19150,2020,OLD SECOND BANCORP INC/IL,3040.837,,307.087
19159,2020,PENNS WOODS BANCORP INC,1834.643,,164.142
19172,2020,A-MARK PRECIOUS METALS INC,758.035,0.836,101.004
19209,2020,NORTHERN TECH INTL,66.074,0.711,56.659
19262,2020,COMMUNITY TRUST BANCORP INC,5139.141,,654.865
19295,2020,AUTOHOME INC,3611.017,,2682.029
19318,2020,PARK NATIONAL CORP,9279.021,,1040.256
19391,2020,MALIBU BOATS INC,477.346,41.291,254.58
19433,2020,PHX MINERALS INC,100.022,10.691,62.993
19434,2020,HANCOCK J PREMIUM DIV FUND,,,
19518,2020,KNOWLES CORP,1654.9,31.9,1303.5
19570,2020,S & T BANCORP INC,8967.897,,1154.711
19730,2020,PAYLOCITY HOLDING CORP,1985.648,16.578,392.908
19747,2020,QUOTIENT TECHNOLOGY INC,586.792,8.351,247.029
19752,2020,INVESTCORP CRDT MNGMT BDC,296.795,0,108.125
19815,2020,FIRST CHOICE BANCORP,2283.115,,280.741
19849,2020,A10 NETWORKS INC,290.811,3.564,115.974
19881,2020,2U INC,1544.264,6.517,940.99
19906,2020,GRUBHUB INC,2388.919,120.178,1416.797
19967,2020,APPLIED GENETIC TECHNOLOGIES,100.319,0.943,71.016
20066,2020,FIRST TR NEW OPP MLP &ENERGY,,,
20109,2020,CAPITAL CITY BK GROUP INC,3798.071,,320.837
20115,2020,PHIBRO ANIMAL HEALTH CORP,784.1,34.045,188.204
20185,2020,SCOTTS MIRACLE-GRO CO,3380.5,62.7,697.2
20190,2020,NEW GERMANY FUND INC,,,
20228,2020,CATALENT INC,7776.5,465.8,2898.8
20229,2020,ZENDESK INC,2157.279,38.523,431.831
20232,2020,KEYSIGHT TECHNOLOGIES INC,7218,117,3297
20299,2020,LIVE OAK BANCSHARES INC,7872.303,,567.85
20430,2020,SLM CORP,30770.423,,2311.765
20600,2020,NOVAGOLD RESOURCES LTD,224.441,0,110.727
20628,2020,INVESTAR HOLDING CORP,2321.181,,243.284
20644,2020,GOPRO INC,771.399,4.881,216.018
20655,2020,NEXTERA ENERGY PARTNERS LP,12562,334,2354
20677,2020,FIRST FOUNDATION INC,6957.16,,695.711
20686,2020,SYNCHRONY FINANCIAL,95948,0,11967
20692,2020,KIMBALL ELECTRONICS INC,774.829,38.364,379.365
20779,2020,CISCO SYSTEMS INC,94853,770,37920
20819,2020,GABELLI GBL SM & MID CAP VAL,,,
20904,2020,HOLOGIC INC,7195.8,156.4,2705.2
20912,2020,CTRL EUR RUSSIA & TURKEY FD,,,
20945,2020,IRADIMED CORP,71.067,0.443,61.385
21042,2020,AKOUSTIS TECHNOLOGIES INC,71.433,9.75,41.495
21169,2020,NEW IRELAND FUND INC,,,
21236,2020,TEKLA HEALTHCARE OPPTYS FUND,,,
21241,2020,CHINA GREEN AGRICULTURE INC,342.128,0.098,262.806
21440,2020,LANDSTAR SYSTEM INC,1653.799,,691.835
21577,2020,ORGANIGRAM HOLDINGS INC,435.127,77.223,299.527
21593,2020,CIVISTA BANCSHARES INC,2762.918,,350.108
21616,2020,GREAT WESTERN BANCORP INC,12604.439,6.108,1162.933
21633,2020,VERITEX HOLDINGS INC,8820.871,,1203.376
21761,2020,CDK GLOBAL INC,2854.1,23.5,-596.1
21807,2020,CITIUS PHARMACEUTICALS INC,43.774,0.002,33.671
21815,2020,TRIUMPH BANCORP INC,5935.791,,681.781
21825,2020,CITIZENS FINANCIAL GROUP INC,183349,,20708
21847,2020,HUBSPOT INC,1973.366,37.274,762.655
21864,2020,CGI INC,15550.358,128.478,7264.16
22201,2020,COUNTY BANCORP INC,1472.358,,
22307,2020,MILLER/HOWARD HGH INCM EQ FD,,,
22310,2020,NUVEEN GLOBAL HIGH INCOME FD,,,
22373,2020,GENASYS INC,71.372,0.14,49.14
22439,2020,CURO GROUP HLDGS CORP,1182.986,,131.905
22449,2020,AURORA CANNABIS INC,2783.695,355.006,2150.806
22543,2020,GOOD TIMES RESTAURANTS INC,99.693,2.596,13.69
22555,2020,EAGLE CAPITAL GROWTH FUND,,,
22632,2020,LANNETT CO INC,1136.555,18.33,302.896
22675,2020,HAILIANG EDUCATION GRP -ADR,394.766,90.098,286.655
22731,2020,PATRIOT TRANSPORTATION HLDG,64.669,5.045,45.048
22741,2020,CHEMOURS CO,7082,267,813
22815,2020,TRIMBLE INC,6876.9,56.8,3596.9
22817,2020,VERU INC,51.544,0.106,30.111
22964,2020,ESSA PHARMA INC,80.575,0,79.244
23027,2020,EXPONENT INC,580.096,,361.498
23048,2020,MEXICO EQUITY & INCOME FUND,,,
23071,2020,GODADDY INC,6432.9,66.5,-12.9
23083,2020,ENERGIZER HOLDINGS INC,5728.3,65.3,309.1
23084,2020,BENCHMARK ELECTRONICS INC,1744.235,39.519,989.588
23167,2020,BLUE BIRD CORP,317.415,18.968,-53.23
23195,2020,MATRIX SERVICE CO,517.31,18.539,307.889
23224,2020,ESCO TECHNOLOGIES INC,1373.523,32.108,961.595
23226,2020,INUVO INC,35.182,1.185,25.289
23249,2020,LUMENTUM HOLDINGS INC,3292.6,86,1749.2
23252,2020,ETHAN ALLEN INTERIORS INC,622.789,15.709,328.065
23370,2020,SHINECO INC,79.089,0.013,65.326
23432,2020,VIRTU FINANCIAL INC,10082.179,,
23450,2020,NORTHRIM BANCORP INC,2121.798,,221.575
23587,2020,HAYNES INTERNATIONAL INC,560.724,9.374,301.501
23593,2020,FLAHERTY & CRUMRINE PFD INCM,,,
23671,2020,NOKIA CORP,43737.431,577.38,15136.032
23675,2020,NUVEEN PA QUAL MUN INCM FD,,,
23809,2020,AUTOZONE INC,14423.872,457.736,-877.977
23810,2020,ION GEOPHYSICAL CORP,193.593,28.368,-72.702
23812,2020,REGENERON PHARMACEUTICALS,17163.3,614.6,11025.3
23978,2020,UNITED STATES STEEL CORP,12059,725,3786
24073,2020,GREEN PLAINS PARTNERS LP,105.32,0.162,-46.462
24142,2020,URBAN TEA INC,22.635,0.289,14.94
24157,2020,FIRSTCASH INC,2372.197,83.045,1283.815
24197,2020,IDEXX LABS INC,2294.561,106.958,632.088
24344,2020,VERTEX PHARMACEUTICALS INC,11751.808,259.798,8686.815
24352,2020,PROGRESS SOFTWARE CORP,1041.782,6.517,346.013
24370,2020,CAMECO CORP,7580.831,77.462,4958.355
24405,2020,ZEBRA TECHNOLOGIES CP  -CL A,5375,67,2144
24428,2020,ADDVANTAGE TECHNOLOGIES GP,32.683,0.608,14.933
24430,2020,EZCORP INC  -CL A,1197.023,28.526,649.127
24447,2020,BOK FINANCIAL CORP,46671.088,,5266.266
24468,2020,BIOGEN INC,24618.9,424.8,10700.3
24481,2020,MADISON SQUARE GARDEN SPORTS,1233.798,362.475,-206.986
24501,2020,RAPID7 INC,913.122,13.802,71.536
24554,2020,NUVEEN MICH QUAL MUN INCM,,,
24555,2020,NUVEEN OH QUAL MUN INCM FD,,,
24611,2020,SPX FLOW INC,2098.5,22.4,1061.4
24616,2020,PAYPAL HOLDINGS INC,70379,866,20019
24625,2020,TOTAL SE,266132,10764,103702
24683,2020,INVESCO MUNICIPAL TRUST,,,
24720,2020,WABASH NATIONAL CORP,1161.47,20.131,404.879
24729,2020,DTF TAX FREE INCOME,,,
24731,2020,KIMCO REALTY CORP,11614.498,,5608.024
24750,2020,WISDOMTREE INVESTMENTS INC,869.676,0.472,266.265
24755,2020,SANFILIPPO JOHN B&SON,407.457,15.022,238.238
24783,2020,TETRA TECH INC,2378.558,12.245,1037.319
24784,2020,BLACKROCK MUNIYIELD FUND INC,,,
24800,2020,QUALCOMM INC,35594,1407,6077
24825,2020,CORPORATE OFFICE PROPERT,4077.023,,1661.035
24837,2020,ALLIED HEALTHCARE PRODS INC,19.672,0.618,8.879
24890,2020,MISONIX INC,203.824,0.304,146.651
24911,2020,MASTERCRAFT BOAT HLDNGS IN,207.923,14.241,48.87
24917,2020,FLAHERTY & CRUMR PFD INCM OP,,,
24925,2020,ROPER TECHNOLOGIES INC,24024.8,31.2,10479.8
24939,2020,INVESCO TRUST FOR INV GR MUN,,,
24975,2020,SYNOPSYS INC,8030.062,154.717,4907.404
24978,2020,CALLAWAY GOLF CO,1980.6,39.262,675.644
25014,2020,WESTERN ASSET INTERM MUNI FD,,,
25024,2020,ABERDEEN GLOBAL INCOME FD,,,
25027,2020,LIFEVANTAGE CORP,58.877,2.681,33.254
25039,2020,BLACKROCK MUNIYIELD CALIF FD,,,
25040,2020,BLACKROCK MUNIYIELD INV FUND,,,
25042,2020,BLACKROCK MUNIYLD NY QLTY FD,,,
25069,2020,USA TRUCK INC,350.232,,84.701
25119,2020,MOHAWK INDUSTRIES INC,14327.751,425.557,8541.158
25124,2020,LINDE PLC,88229,3400,47317
25163,2020,BLACKROCK MUNYLD QLTY FD III,,,
25180,2020,AGCO CORP,8504.2,269.9,2980
25211,2020,TEKLA LIFE SCIENCES INVESTOR,,,
25244,2020,INVESCO TRUST FOR INV GR NY,,,
25290,2020,BLACKROCK MUNIYLD NJ FD INC,,,
25329,2020,INVESCO MUNICIPAL OPPTY TR,,,
25331,2020,FRANKLIN COVEY CO,205.437,4.183,59.453
25339,2020,CREDIT ACCEPTANCE CORP,7489,,2302.5
25340,2020,D R HORTON INC,18912.3,286.8,11840
25376,2020,COLUMBIA BANKING SYSTEM INC,16584.779,,2347.607
25389,2020,GRAPHIC PACKAGING HOLDING CO,7804.6,646.3,1424.3
25406,2020,JEWETT-CAMERON TRADING CO,23.278,0.449,19.348
25430,2020,FUELCELL ENERGY INC,523.538,0.382,194.548
25434,2020,STARBUCKS CORP,29374.5,1483.6,-7805.1
25481,2020,NATIONAL BANKSHARES INC VA,1519.671,,200.607
25524,2020,CHINA FUND INC,,,
25536,2020,CENTRAL GARDEN & PET CO,2339.364,43.055,1076.803
25536,2020,CENTRAL GARDEN & PET CO,2339.364,43.055,1076.803
25567,2020,BLACKROCK MUNIYIELD QLTY FD,,,
25659,2020,ABERDEEN JAPAN EQUITY FD INC,,,
25676,2020,PERCEPTRON INC,65.582,0.474,38.301
25711,2020,ESCALON MEDICAL CORP,5.723,0.06,0.867
25742,2020,BLACKROCK MUNIYIELD QLTY II,,,
25747,2020,LITTELFUSE INC,2747.593,56.191,1608.773
25870,2020,MINERALS TECHNOLOGIES INC,3209.4,66.1,1460.8
25908,2020,BLACKROCK MUNIYLD CA QLTY FD,,,
25909,2020,BLACKROCK MUNIYLD INVST QLTY,,,
25911,2020,BLACKROCK MUNIYLD MI QLTY FD,,,
25912,2020,BLACKROCK MUNIYLD PA QLTY FD,,,
25937,2020,LIGAND PHARMACEUTICAL INC,1362.285,,709.525
25941,2020,NUVEEN ARIZ QTY MUN INCM,,,
26045,2020,ULTRALIFE CORP,137.701,3.101,116.8
26061,2020,MATCH GROUP INC,2976.98,42.376,-1177.667
26071,2020,FIRST CMNTY BANCSHARES INC,3011.136,,426.73
26116,2020,INVESCO QUALITY MUNI INCOME,,,
26156,2020,HEWLETT PACKARD ENTERPRISE,54015,2383,16049
26238,2020,FIRST TR DYNAMIC EUROPE EQ,,,
26270,2020,ALLEGIANCE BANCSHARES INC,6050.128,,758.669
26356,2020,ARTELO BIOSCIENCES INC,4.377,0,3.875
26415,2020,DATASEA INC,4.913,0.296,3.883
26432,2020,WINS FINANCE HOLDINGS INC,209.697,0.001,196.345
26494,2020,ATLASSIAN CORP PLC,3894.072,35.709,575.306
26509,2020,ELEVATE CREDIT INC,669.599,,163.858
26545,2020,RMR GROUP INC,690.253,0.601,295.904
26590,2020,FORTIVE CORP,16051.5,75.7,8964.2
26746,2020,NUTANIX INC,1768.547,89.488,-274.977
26817,2020,OUTLOOK THERAPEUTICS INC,19.733,0,2.827
26914,2020,TANZANIAN GOLD CORPORATION,49.811,9.612,32.841
26930,2020,DUFF & PHELPS UTIL &CP BD TR,,,
27014,2020,ATKORE INTL GROUP INC,1558.525,33.77,378.41
27119,2020,INGEVITY CORP,2334.5,82.1,647.3
27318,2020,ZEDGE INC,12.005,0.759,8.885
27333,2020,ADIENT PLC,10261,326,1213
27373,2020,VALVOLINE INC,3051,151,-76
27387,2020,IMPINJ INC,207.616,3.074,109.119
27576,2020,SIMPLY GOOD FOODS COMPANY,2008.445,1.736,1232.971
27625,2020,WESTERN ASST MUNI PARTNRS FD,,,
27638,2020,ALCOA CORP,14864,353,3287
27653,2020,YETI HOLDINGS INC,737.067,15.566,288.418
27665,2020,FIRST HAWAIIAN INC,22662.831,,2744.104
27794,2020,CREE INC,3231,237.1,2083.1
27849,2020,BLACKROCK INVT QULTY MUN TR,,,
27853,2020,INVESCO VALUE MUNI INCM TR,,,
27875,2020,EQUITY LIFESTYLE PROPERTIES,4418.969,,1233.687
27876,2020,NUVEEN HI INCM NOV 2021 TARG,,,
27914,2020,HUMANA INC,34969,964,13728
27928,2020,INTUIT INC,10931,137,5106
27963,2020,DELAWARE INVST DIV & INCOME,,,
28034,2020,CHUBB LTD,190774,,59441
28131,2020,BLACKROCK MUNIVEST FUND II,,,
28139,2020,SANMINA CORP,3772.656,65.982,1629.916
28155,2020,TRICO BANCSHARES,7639.529,,925.114
28180,2020,O'REILLY AUTOMOTIVE INC,11596.642,465.579,140.258
28192,2020,HOWMET AEROSPACE INC,11446,267,3525
28194,2020,AVIENT CORP,4871.3,63.7,1683.6
28195,2020,JABIL INC,14397.416,983.035,1811.384
28216,2020,REINSURANCE GROUP AMER INC,84656,,14352
28320,2020,CDW CORP,9344.7,158,1297.1
28404,2020,INVESCO CALIF VALUE MUN INCM,,,
28406,2020,INVESCO PA VALUE MUN INCM TR,,,
28420,2020,BLACKLINE INC,1113.505,6.513,422.07
28473,2020,NUVEEN MINNESOTA QUAL MUN,,,
28485,2020,COLLIERS INTL GROUP INC,3292.167,124.735,586.109
28499,2020,YUM CHINA HOLDINGS INC,10875,419,6206
28605,2020,MORGAN STAN EMG MKT DEBT FD,,,
28620,2020,PREMIER FINANCIAL CORP,7211.734,,982.276
28629,2020,CAMDEN PROPERTY TRUST,7198.952,,3444.905
28643,2020,BLACKROCK MASS TAX-EXEMPT TR,,,
28733,2020,EQUITY RESIDENTIAL,20286.891,,10488.371
28742,2020,BORGWARNER INC,16034,501,6457
28787,2020,PERFORMANCE FOOD GROUP CO,7719.7,158,2010.6
28800,2020,PCM FUND INC,,,
28806,2020,ARROWHEAD PHARMACEUTICALS,522.503,11.952,461.779
28854,2020,COHEN & STEERS TOT RET RLTY,,,
28866,2020,META FINANCIAL GROUP INC,6092.074,65.903,843.705
28940,2020,BELDEN INC,3139.734,90.215,750.581
29004,2020,VAREX IMAGING CORP,1139.5,23.5,451.7
29006,2020,INVESCO ADV MUNI INCM TR II,,,
29028,2020,COSTCO WHOLESALE CORP,55556,2810,18284
29086,2020,PALATIN TECHNOLOGIES INC,85.054,0.063,80.173
29099,2020,REGENCY CENTERS CORP,10936.904,,5984.912
29127,2020,INCYTE CORP,3560.918,187.379,2611.268
29191,2020,ICHOR HOLDINGS LTD,774.172,10.301,411.689
29206,2020,FORWARD AIR CORP,1047.768,20.268,547.329
29210,2020,BLACKROCK MNIYLD ARIZ FD INC,,,
29211,2020,BOSTON PRIVATE FINL HOLDINGS,10048.733,,868.008
29217,2020,SCHNITZER STEEL INDS  -CL A,1229.927,82.005,676.707
29219,2020,WESTERN ASST HI INCM OPP FND,,,
29241,2020,VIAVI SOLUTIONS INC,1776.3,31.9,711.4
29282,2020,NEW YORK CMNTY BANCORP INC,56306.12,,6338.804
29300,2020,WVS FINANCIAL CORP,357.101,0.266,36.913
29389,2020,SIMON PROPERTY GROUP INC,34786.846,,2997.381
29399,2020,BROOKFIELD REAL ASTS INCM FD,,,
29412,2020,ROYCE MICRO-CAP TRUST INC,,,
29508,2020,PCSB FINANCIAL CORP,1791.929,0.7,273.713
29558,2020,SHIFTPIXY INC,17.42,0.235,-0.03
29573,2020,FIRST TRUST SR FLTG RT 2022,,,
29609,2020,HAIN CELESTIAL GROUP INC,2188.452,60.893,1443.554
29621,2020,STEEL CONNECT INC,759.172,12.07,48.818
29636,2020,VIVOPOWER INTERNATIONAL PLC,62.38,1.161,17.706
29649,2020,MID-AMERICA APT CMNTYS INC,11194.791,,5871.624
29722,2020,DSP GROUP INC,216.528,,156.238
29724,2020,INDIA FUND INC,,,
29736,2020,TRACTOR SUPPLY CO,7049.116,294.002,1923.84
29744,2020,MORGAN STAN INDIA INVT FUND,,,
29755,2020,BEAZER HOMES USA INC,2007.48,10.642,593.171
29830,2020,WESTROCK CO,28779.7,978.1,10630.6
29901,2020,COPART INC,3455.261,591.972,2489.516
29910,2020,SCANSOURCE INC,1692.094,6.387,678.246
29912,2020,PIMCO STRATEGIC INCOME FUND,,,
29946,2020,LANDMARK BANCORP INC/KS,1188.027,,126.672
29962,2020,LIMONEIRA CO,389.6,10.599,182.019
29984,2020,PROLOGIS INC,56065.005,0,31907.599
29991,2020,NUVEEN PFD INCM 2022 TERM FD,,,
30024,2020,MILLICOM INTL CELLULAR SA,12422,622,2059
30030,2020,SILICOM LTD,195.887,,154.837
30055,2020,SOUTHERN MISSOURI BANCP INC,2542.157,4.304,258.347
30091,2020,SNAP INC,5024.238,57.832,2329.976
30222,2020,AMERIS BANCORP,20438.638,,2647.088
30232,2020,HERZFELD CARIBBEAN BASIN FD,,,
30284,2020,LIBERTY OILFIELD SVS,1889.942,,
30384,2020,FIRST INDL REALTY TRUST INC,3791.938,,1902.734
30395,2020,BLACKROCK 2022 GLB IM OY TST,,,
30463,2020,GREENBRIER COS INC (THE),3173.834,66.879,1293.043
30477,2020,MATTHEWS INTL CORP  -CL A,2072.633,34.849,610.807
30576,2020,ADTRAN INC,518.937,6.413,372.944
30662,2020,SIRIUS XM HOLDINGS INC,10333,350,-2285
30664,2020,HEXO CORP,692.869,109.04,553.297
30683,2020,TEMPLETON DRAGON FUND INC,,,
30771,2020,GABELLI MULTIMEDIA TRUST INC,,,
30861,2020,KNIGHT-SWIFT TRPTN HLDGS INC,8468.002,,5869.848
30870,2020,ASPEN TECHNOLOGY INC,1223.306,1.278,466.353
30932,2020,NORTHWEST BANCSHARES INC,13806.268,,1538.703
30990,2020,CAPITAL ONE FINANCIAL CORP,421602,,60204
31170,2020,UNVL STAINLESS & ALLOY PRODS,303.046,9.157,225.68
31306,2020,HANCOCK (JOHN) FINL OPPTY FD,,,
31317,2020,BRIGHT SCHOLAR EDU-ADR,1580.429,21.869,399.795
31368,2020,HANMI FINANCIAL CORP,6201.888,,577.044
31453,2020,INSIGHT ENTERPRISES INC,4310.733,24.184,1342.43
31477,2020,BROOKS AUTOMATION INC,1559.125,39.924,1213.614
31494,2020,SMART GLOBAL HOLDINGS INC,786.608,32.445,282.104
31521,2020,STONEX GROUP INC,13474.9,16.6,767.5
31567,2020,STRATTEC SECURITY CORP,265.545,12.381,152.222
31607,2020,NATIONAL INSTRUMENTS CORP,1891.515,49.652,1224.872
31673,2020,AMERISOURCEBERGEN CORP,44274.83,369.677,-1018.924
31717,2020,IRSA INVERSIONES Y REPSTN SA,8902.306,70.017,810.846
31718,2020,AMES NATIONAL CORP,1975.648,,209.487
31764,2020,BANK OF MARIN BANCORP,2911.926,,358.253
31774,2020,BRIGHTHOUSE FINANL INC,247869,,18023
31887,2020,RESMED INC,4587.376,95.33,2497.027
31958,2020,SAFEHOLD INC,3208.97,,1379.123
32050,2020,VIRTUS ALLIANZGI CONV INC FD,,,
32098,2020,CONCRETE PUMPING HOLDINGS,773.758,39.339,274.141
32106,2020,BAKER HUGHES CO,38030,787,18242
32250,2020,EATON VANCE FLTNG RATE 2022,,,
32383,2020,DECIPHERA PHRMCTAL INC,642.432,5.316,543.676
32478,2020,XAI OCTAGON FLOATNG RATE ALT,,,
32502,2020,ANGI HOMESERVICES INC,2368.182,52.488,1272.29
32541,2020,CARGURUS INC,502.298,7.531,373.586
32610,2020,EVOQUA WATER TECH,1844.458,88.456,480.144
32619,2020,MERCHANTS BANCORP,9645.375,,597.975
32639,2020,SOGOU INC,1395.132,,978.132
32688,2020,STITCH FIX INC,769.429,30.207,401.037
32698,2020,STERLING BANCORP INC,3914.045,,319.591
32772,2020,INVESCO HIGH INCOME FUND,,,
32819,2020,DOGNESS (INTL) CORP,63.551,9.445,50.893
32822,2020,FARMMI INC,38.192,0.165,28.285
32855,2020,AVAYA HLDGS CORP,6231,98,236
32886,2020,GATES INDUSTRIAL CORP PLC,7426.3,58.2,2805.7
32984,2020,NEUBASE THERAPEUTICS INC,34.444,0.717,31.295
33037,2020,ZSCALER INC,1833.458,51.809,484.829
33056,2020,COLUMBIA FINANCIAL INC,8798.536,,1011.287
33155,2020,ENOCHIAN BIOSCIENCES INC,178.102,0.184,166.272
33175,2020,SPOTIFY TECHNOLOGY SA,7625.272,94.02,3381.108
33184,2020,RAFAEL HOLDINGS INC,136.347,0.534,116.8
33187,2020,ONESMRT IN ED GR -ADS,1153.33,28.206,58.501
33272,2020,LEVEL ONE BANCORP INC,2442.982,,191.955
33424,2020,CONSTRUCTION PRTNR INC,628.114,52.574,385.195
33446,2020,PLURALSIGHT INC,1151.133,35.438,167.33
33532,2020,CLPS INC,45.352,0.168,27.349
33598,2020,US XPRESS ENTRPRS INC,1179.59,186.122,259.405
33610,2020,AVALARA INC,1602.333,4.501,1080.16
33637,2020,BRIGHTVIEW HOLDINGS,3071,52.7,1271.5
33638,2020,I3 VERTICALS INC,403.526,2.911,155.577
33647,2020,VEONEER INC,2288,91,1239
33668,2020,BLOOM ENERGY CORP,1454.387,37.913,78.824
33731,2020,HL ACQUISITION CORP,54.029,0,51.975
33759,2020,TENABLE HOLDINGS INC,690.589,20.277,150.665
33767,2020,SONOS INC,816.051,33.035,297.839
33817,2020,PUHUI WLTH INV MNGT CO,12.047,0.288,8.572
33913,2020,ENDAVA PLC -ADR,446.92,12.233,292.621
33962,2020,MESA AIR GROUP,1501.93,26.667,457.859
34038,2020,CHINA XIANGTAI FOOD CO LTD,63.349,0.7,23.806
34140,2020,SVMK INC,877.817,0.782,346.356
34241,2020,TWIST BIOSCIENCE CORP,398.882,9.868,336.262
34279,2020,RIVERNORTH OPPO MUN FD,,,
34330,2020,ASSETMARK FIN HOLDINGS INC,1223.588,29.065,905.073
34443,2020,DOW INC,61470,1257,12435
34560,2020,ATIF HOLDINGS LTD,45.785,0.525,17.403
34602,2020,PUYI INC -ADR,61.255,0.389,52.088
34621,2020,CBDMD INC,110.843,1.32,79.181
34636,2020,FOX CORP,21750,359,10094
34636,2020,FOX CORP,21750,359,10094
34873,2020,LYFT INC,4678.964,93.639,1676.163
34939,2020,PIONEER BANCORP INC,1526.412,1.703,223.966
34945,2020,BIOCERES CROP SOLUTIONS CORP,297.561,2.91,46.179
34962,2020,8I ENTPRIS ACQ CORP,59.325,0,54.849
35013,2020,PINTEREST INC,2609.459,17.401,2242.371
35065,2020,AVANTOR INC,9906.5,61.6,1670.6
35077,2020,UBER TECHNOLOGIES INC,33252,616,12266
35078,2020,RED RIVER BANCSHARES INC,2642.634,,285.478
35101,2020,SOUTH PLAINS FINANCIAL INC,3599.16,,370.048
35168,2020,CORTEVA INC,42649,475,24824
35321,2020,EDESA BIOTECH INC,10.762,0.005,6.631
35354,2020,AKERNA CORP,58.53,0.156,31.87
35405,2020,YUNHONG INTERNATIONAL,69.901,0,66.963
35423,2020,KURA SUSHI USA INC,118.379,14.4,45.713
35451,2020,ONEWATER MARINE INC,458.067,6.309,122.808
35497,2020,ENVISTA HOLDINGS CORP,6876,47.7,3720.6
35604,2020,CLOUDFLARE INC,1380.651,74.962,816.94
35614,2020,CERENCE INC,1687.445,19.012,957.756
35620,2020,DATADOG INC,1890.285,25.883,957.432
35627,2020,PELOTON INTERACTIVE INC,2981.8,156.4,1678
35684,2020,BELLRING BRANDS INC,653.5,2.1,-2182.6
35715,2020,UNION ACQUSTIN CORP II,202.376,0,202.231
35759,2020,HBT FINANCIAL INC,3666.567,,363.917
35794,2020,SITIME CORP,136.011,,109.88
35858,2020,ONECONNECT FIN TECH -ADS,1656.361,,790.556
35868,2020,BILL.COM HOLDINGS INC,2404.015,12.076,710.719
35874,2020,REYNOLDS CONSUMER PRODUCTS,4722,143,1615
35882,2020,BROOKFIELD INFRASTRCTR,9344,399,-1722
36157,2020,EAST STONE ACQUISITION CORP,139.419,0,138.979
36190,2020,OTIS WORLDWIDE CORP,10710,183,-3832
36191,2020,CARRIER GLOBAL CORP,25093,312,6252
36193,2020,AZEK COMPANY INC (THE),1931.856,95.594,1303.888
36205,2020,LIFESCI ACQUISITION CORP,66.483,0,63.069
36234,2020,SELECTQUOTE INC,1073.793,9.446,545.689
36309,2020,MADISON SQUARE GARD ENT,3719.206,452.426,2841.637
36356,2020,SONNET BIOTHERAPEUTICS HOLD,7.994,0.076,3.02
36419,2020,NOVUS CAPITAL CORPORAT,100.438,0,97.36
36691,2020,IAC/INTERACTIVECORP,9135.44,61.57,6597.575
36788,2020,DUCK CREEK TECHNOL INC,861.1,6.747,733.757
36790,2020,BROOKFIELD RENEWABLE CORP,39473,373,1177
36800,2020,ABERDEEN ST GBL INF INCM FND,,,
36898,2020,UNITY SOFTWARE INC,2671.225,40.156,2037.143
36945,2020,JFROG LTD,689.231,3.522,553.894
37019,2020,MISSION PRODUCE INC,777.3,67.3,473.5
37090,2020,CORSAIR GAMING INC,1314.115,8.989,437.39
37233,2020,LUFAX HOLDING LTD -ADR,37872.519,,12410.592
60911,2020,NATURAL HEALTH TRENDS CORP,105.942,0.211,67.697
61122,2020,AMCON DISTRIBUTING CO,188.001,3.357,64.791
61153,2020,GRAFTECH INTERNATIONAL LTD,1432.712,36.075,-329.385
61163,2020,SUNSTONE HOTEL INVESTORS INC,2985.717,,1858.644
61214,2020,ASML HOLDING NV,32867.742,1159.581,16713.159
61302,2020,ARCH CAPITAL GROUP LTD,43282.297,39.872,12325.886
61399,2020,MYRIAD GENETICS INC,1404.6,10.2,918.2
61406,2020,RENAISSANCERE HOLDINGS LTD,30820.58,0,7035.248
61408,2020,HANOVER INSURANCE GROUP INC,13443.7,,3202.2
61418,2020,RCI HOSPITALITY HLDGS INC,360.933,5.736,152.721
61420,2020,POOL CORP,1739.67,21.702,639.47
61449,2020,GABELLI CONV & INCOME SEC FD,,,
61452,2020,CREDICORP LTD,65900.338,,6923.651
61483,2020,DAVITA INC,16988.516,674.541,1383.566
61562,2020,ADVANCED ENERGY INDS INC,1648.636,36.483,814.739
61567,2020,LAUDER (ESTEE) COS INC -CL A,17781,623,3935
61587,2020,INTEVAC INC,127.238,,101.556
61676,2020,CITRIX SYSTEMS INC,4890.347,41.438,112.143
61685,2020,NUANCE COMMUNICATIONS INC,3593.332,61.297,1143.933
61693,2020,HEARTLAND FINANCIAL USA INC,17908.339,,1968.526
61732,2020,MSC INDUSTRIAL DIRECT  -CL A,2382.43,46.991,1314.945
61735,2020,STAR GROUP LP,838.616,14.127,255.82
61739,2020,HARTFORD FINANCIAL SERVICES,74111,,18222
61759,2020,CORE LABORATORIES NV,568.579,11.88,71.513
61766,2020,ASTROTECH CORP,5.93,0,0.625
61811,2020,SOUTHERN COPPER CORP,16667.1,592.2,7224.8
61870,2020,OPEN TEXT CORP,10234.822,72.709,4005.39
62139,2020,PLUMAS BANCORP,1111.576,,100.154
62217,2020,LIGHTPATH TECHNOLOGIES INC,47.575,2.443,34.567
62262,2020,FORWARD INDUSTRIES INC,19.356,0.068,6.583
62263,2020,ALEXION PHARMACEUTICALS INC,18103,106.7,11651.2
62266,2020,CSG SYSTEMS INTL INC,1332,29.397,422.395
62378,2020,HUB GROUP INC  -CL A,2105.396,115.306,1157.923
62396,2020,IDT CORP,404.75,16.041,74.772
62501,2020,SUBURBAN PROPANE PRTNRS  -LP,2047.253,32.498,362.381
62553,2020,OPTICAL CABLE CORP,36.558,0.12,15.26
62575,2020,FFD FINANCIAL CORP,522.286,1.512,43.812
62582,2020,ALJ REGIONAL HOLDINGS INC,190.244,9.55,17.056
62626,2020,EVOLUTION PETROLEUM CORP,92.138,11.063,74.124
62654,2020,SANDY SPRING BANCORP INC,12798.429,,1469.955
62689,2020,TRAVELERS COS INC,116764,0,29201
62723,2020,TUCOWS INC,451.903,44.437,104.698
62921,2020,NEUROCRINE BIOSCIENCES INC,1734.7,10.9,1126.2
62965,2020,SS&C TECHNOLOGIES HLDGS INC,15923.6,34.8,5716.5
63000,2020,RUSH ENTERPRISES INC,2985.393,136.2,1268.037
63000,2020,RUSH ENTERPRISES INC,2985.393,136.2,1268.037
63172,2020,FACTSET RESEARCH SYSTEMS INC,2083.388,77.642,896.375
63178,2020,PROVIDENT FINANCIAL HOLDINGS,1176.837,0.229,123.976
63186,2020,QIAGEN NV,5912.53,132.787,2797.839
63288,2020,FBL FINANCIAL GROUP INC-CL A,10996.272,,1689.099
63708,2020,DOVER MOTORSPORTS INC,88.037,1.998,69.027
63781,2020,WINTRUST FINANCIAL CORP,45080.768,,3703.495
63847,2020,PENSKE AUTOMOTIVE GROUP INC,13247.2,185.9,3326.1
63892,2020,NOV INC,9929,226,5279
63927,2020,UNITED NATURAL FOODS INC,7586.972,172.568,1144.745
64028,2020,NU SKIN ENTERPRISES  -CL A,1957.076,,894.271
64030,2020,STEEL DYNAMICS INC,9265.562,1198.055,4345.164
64166,2020,QUEST DIAGNOSTICS INC,14026,418,6759
64302,2020,INSPERITY INC,1584.276,,44.132
64306,2020,KILROY REALTY CORP,10000.708,,5029.943
64344,2020,VAIL RESORTS INC,5244.232,172.334,1316.742
64356,2020,CIENA CORP,4180.917,82.667,2509.597
64547,2020,SOUTH STATE CORP,37789.873,,4647.88
64637,2020,EMCORE CORP,126.241,4.516,74.149
64690,2020,AUTOLIV INC,8156.8,339.6,2408.9
64699,2020,FLAGSTAR BANCORP INC,31038,,2201
64745,2020,KNOLL INC,1453.1,,447.8
64766,2020,RAMBUS INC,1243.876,,905.113
64768,2020,AMAZON.COM INC,321195,40140,93404
64794,2020,UNITED COMMUNITY BANKS INC,17794.374,,1911.108
64821,2020,ALEXANDRIA R E EQUITIES INC,22827.878,0,11725.712
64901,2020,MAXIMUS INC,2024.702,40.707,1241.819
64925,2020,BOSTON PROPERTIES INC,22858.19,,5796.083
64929,2020,SIMULATIONS PLUS INC,168.422,0.231,156.036
65050,2020,GLEN BURNIE BANCORP,419.486,,37.093
65084,2020,CORECIVIC INC,3709.315,,1390.171
65106,2020,BANK OZK,27162.596,,4272.271
65108,2020,JONES LANG LASALLE INC,14316.5,,5520.8
65228,2020,UMPQUA HOLDINGS CORP,29235.175,,2704.577
65343,2020,PRICESMART INC,1656.825,100.32,831.719
65399,2020,MERITOR INC,2884,85,462
65418,2020,CIBT EDUCATION GROUP INC,452.767,0.476,51.269
65452,2020,BLACKROCK MUNIHLD NY QLTY FD,,,
65467,2020,1ST CONSTITUTION BANCORP,1806.909,,187.657
65496,2020,BLACKROCK MUNIHLD INVST QLTY,,,
65540,2020,NET 1 UEPS TECHNOLOGIES INC,453.678,5.938,290.213
65556,2020,ANNALY CAPITAL MANAGEMENT,88455.103,,12471.747
65587,2020,NATIONAL RESEARCH CORP,133.423,,64.315
65607,2020,OSI SYSTEMS INC,1268.541,20.388,572.152
65609,2020,C H ROBINSON WORLDWIDE INC,5144.258,23.133,1879.933
65718,2020,GROUP 1 AUTOMOTIVE INC,5089.4,,1449.6
65772,2020,METTLER-TOLEDO INTL INC,2814.549,92.494,282.675
65850,2020,CHARLES & COLVARD LTD,48.905,0.459,41.436
65886,2020,AFFILIATED MANAGERS GRP INC,7888.9,,2779.7
65896,2020,GEOSPACE TECHNOLOGIES CORP,186.845,8.403,160.97
65905,2020,BIOANALYTICAL SYSTEMS INC,61.593,6.2,7.571
66016,2020,INGREDION INC,6858,333,2951
66032,2020,POWER INTEGRATIONS INC,903.339,70.598,810.411
66065,2020,UNITED RENTALS INC,17868,1158,4545
66210,2020,LCNB CORP,1745.884,,240.825
66235,2020,HOPE BANCORP INC,17106.664,,2053.745
66261,2020,LIVE VENTURES INC,197.259,3.882,43.94
66285,2020,HERITAGE FINANCIAL CORP,6615.318,,820.439
66286,2020,TIMBERLAND BANCORP INC,1565.978,1.986,187.63
66354,2020,W P CAREY INC,14707.636,,6876.713
66371,2020,IES HOLDINGS INC,560.528,4.745,283.313
66393,2020,MERCURY SYSTEMS INC,1610.72,43.294,1384.784
66394,2020,PEOPLES FINANCIAL SERVICES,2883.802,,316.877
66577,2020,BLACKROCK MUNIHOLDINGS FD II,,,
66588,2020,SURMODICS INC,168.763,3.671,131.055
66605,2020,BLACKROCK MUNIHLD CA QLTY FD,,,
66929,2020,TURNING POINT BRANDS INC,489.333,6.135,126.789
100243,2020,AMCOR PLC,16442.1,399.5,4625.9
100465,2020,SASOL LTD,27619.166,2025.778,8894.342
101310,2020,NOVARTIS AG,132059,1275,56598
102341,2020,HARMONY GOLD MINING CO LTD,2576.072,207.621,
103487,2020,SAP SE,70486.152,983.595,35815.634
105616,2020,BLUE RIDGE BANKSHARES INC,1498.258,,107.55
105670,2020,BROOKLINE BANCORP INC,8942.424,,941.778
105936,2020,COLUMBIA SPORTSWEAR CO,2836.571,28.758,1832.771
106126,2020,APPLIED DNA SCIENCES INC,11.341,1.064,5.718
107446,2020,NETSOL TECHNOLOGIES INC,88.473,1.377,58.988
107496,2020,BLACKROCK MUNIHLD NJ QLTY FD,,,
107817,2020,PEAPACK-GLADSTONE FINAN CORP,5890.442,,527.122
108979,2020,FIRST GUARANTY BANCSHARES,2473.078,,178.591
109183,2020,PREFERRED BANK LOS ANGELES,5141.36,,522.752
109826,2020,MANHATTAN ASSOCIATES INC,465.412,2.73,218.897
110039,2020,AMKOR TECHNOLOGY INC,5022.311,553.021,2325.699
110250,2020,SUMMIT FINANCIAL GROUP INC,3106.384,,281.58
111103,2020,MARINEMAX INC,775.319,12.807,455.397
111534,2020,MICROSTRATEGY INC,1465.612,3.651,553.045
111721,2020,EAGLE BANCORP INC/MD,11117.802,,1240.892
111864,2020,COGNIZANT TECH SOLUTIONS,16923,398,10836
111880,2020,AMDOCS,6341.621,205.704,3622.646
111940,2020,FIRST BANCORP INC/ME,2361.236,,223.726
112000,2020,DIVIDEND AND INCOME FUND,,,
112006,2020,INVESCO SENIOR INCOME TRUST,,,
112158,2020,CELESTICA INC,3664.1,52.8,1409
112572,2020,FARMERS & MERCHANTS BCP/OH,1909.544,,249.16
112819,2020,SHARPS COMPLIANCE CORP,54.136,3.969,29.578
112875,2020,CREDIT SUISSE HI YIELD BD FD,,,
113490,2020,CROWN CASTLE INTL CORP,38768,1624,9461
114203,2020,CEMTREX INC,63.787,1.566,30.864
114524,2020,EBAY INC,19310,494,3561
115557,2020,EATON VANCE SR INCOME TR,,,
115876,2020,PROSPERITY BANCSHARES INC,34059.275,,6130.669
116166,2020,PARK CITY GROUP INC,53.431,0.65,42.576
116213,2020,WESTERN ASSET CORP LOAN FD,,,
117018,2020,CF BANKSHARES INC,1476.995,,110.21
117026,2020,GREENE COUNTY BANCORP INC,1676.803,1.116,128.805
117116,2020,KAZIA THERAPEUTICS LTD,15.924,0,9.753
117824,2020,EATON VANCE CA MUNI INC TR,,,
117828,2020,EATON VANCE NY MUNI INC TR,,,
117842,2020,EATON VANCE MUNI INCOME TR,,,
117861,2020,AMERICAN AXLE & MFG HOLDINGS,5916.3,215.6,370.5
118122,2020,APTIV PLC,17522,584,7905
118223,2020,BOTTOMLINE TECHNOLOGIES INC,793.137,46.65,392.334
118264,2020,GAMCO INVESTORS INC,183.873,,86.911
119082,2020,BLACKROCK MUNIHLDGS QLTY II,,,
119275,2020,MKS INSTRUMENTS INC,3898.5,84.9,2360.9
119414,2020,CAPITOL FEDERAL FINL INC,9487.218,14.742,1284.859
119574,2020,EXTREME NETWORKS INC,979.088,15.268,5.398
120093,2020,CNX RESOURCES CORPORATION,8041.764,487.291,4422.437
120819,2020,NUVEEN QUALITY MUNI INCM FD,,,
120820,2020,NUVEEN CA QLTY MU INCM FD,,,
120821,2020,NUVEEN NY QUAL MUN INCM FD,,,
120860,2020,AUDIOCODES LTD,358.123,1.53,209.855
121077,2020,F5 NETWORKS INC,4677.92,59.94,2232.268
121142,2020,SKECHERS U S A INC,5812.369,,2481.435
121257,2020,GREAT ELM GROUP INC,195.445,8.847,60.794
121718,2020,JUNIPER NETWORKS INC,9378.3,100.4,4543.5
121758,2020,GABELLI UTILITY TRUST,,,
122078,2020,NIC INC,464.349,3.354,293.149
122172,2020,J2 GLOBAL INC,3665.331,92.552,1211.018
122380,2020,LENNOX INTERNATIONAL INC,2032.5,78.5,-17.1
122519,2020,1-800-FLOWERS.COM,774.435,34.703,399.774
123215,2020,BLACKROCK STRATEGIC MUN TR,,,
124036,2020,EGAIN CORP,93.705,0.514,34.641
125074,2020,RADWARE LTD,623.444,8.671,388.461
125240,2020,WORLD WRESTLING ENTMT INC,1297.322,27.662,388.794
125527,2020,NUVEEN SR INCOME FD,,,
125580,2020,SOUTHERN FIRST BANKSHARES,2482.587,,228.294
125595,2020,AKAMAI TECHNOLOGIES INC,7764.13,731.872,4251.296
125975,2020,COLLECTORS UNIVERSE INC,55.482,1.37,25.012
126036,2020,PARAMOUNT GOLD NEVADA CORP,53.913,0.005,47.081
126136,2020,CHARTER COMMUNICATIONS INC,144206,7415,23805
126296,2020,EXPEDIA GROUP INC,18690,797,1510
126554,2020,AGILENT TECHNOLOGIES INC,9627,119,4873
126721,2020,TELEDYNE TECHNOLOGIES INC,5068.6,71.4,3228.6
133288,2020,SILICON LABORATORIES INC,1993.487,20.422,1199.841
133366,2020,EDWARDS LIFESCIENCES CORP,7237.1,,4574.3
133367,2020,EDGEWELL PERSONAL CARE CO,3540.9,47.7,1432.9
133504,2020,LUMINEX CORP,825.463,17.91,517.711
133564,2020,CAMTEK LTD,287.908,,227.264
133726,2020,CMC MATERIALS INC,2376.467,125.839,1074.313
133768,2020,METLIFE INC,795146,,74558
134932,2020,ON SEMICONDUCTOR CORP,8665,383.6,3538.5
135844,2020,INNOVATIVE SOLTNS & SUPP INC,41.546,0.119,27.769
137377,2020,EXFO INC,310.654,7.646,172.563
137432,2020,DELTA APPAREL INC,420.231,8.99,143.21
137573,2020,ENTEGRIS INC,2917.696,131.752,1379.494
137602,2020,AXCELIS TECHNOLOGIES INC,624.624,,481.602
137611,2020,SOHU COM LTD,2822.121,,347.369
138205,2020,ILLUMINA INC,7585,189,4694
138467,2020,LANTRONIX INC,67.933,0.572,46.52
138501,2020,CERAGON NETWORKS LTD,272.419,6.506,146.126
138743,2020,EQUINIX INC,27038.841,2482.686,10633.988
138961,2020,O2MICRO INTERNATIONAL LTD,102.036,,84.089
139025,2020,PINNACLE FINL PARTNERS INC,34932.86,,4687.485
139705,2020,MIDDLEFIELD BANC CORP,1391.979,,143.81
139804,2020,TTM TECHNOLOGIES INC,2895.944,102.551,1444.009
140541,2020,TAPESTRY INC,7924.2,205.4,2276.4
141158,2020,IRSA PROPIEDADES COMERCIALES,2051.038,37.053,1014.636
141384,2020,ALIGN TECHNOLOGY INC,4829.683,,3233.865
141913,2020,GLOBAL PAYMENTS INC,44201.545,436.236,27332.37
142248,2020,AMERICA MOVIL SA DE CV,75149.719,,11865.328
142248,2020,AMERICA MOVIL SA DE CV,75149.719,,11865.328
142460,2020,PEABODY ENERGY CORP,4667.1,191.4,929.6
142546,2020,MARINE PRODUCTS CORP,119.422,,84.519
142606,2020,PLATINUM GROUP METALS LTD,37.415,4.953,-20.269
142814,2020,SYNAPTICS INC,1693.8,16.3,819.1
142935,2020,NUVEEN NJ QUAL MUN INCM FD,,,
142953,2020,MONDELEZ INTERNATIONAL INC,67810,863,27578
142956,2020,OMNICELL INC,1824.504,22.842,967.503
143153,2020,SHORE BANCSHARES INC,1933.315,,195.019
143357,2020,ACCENTURE PLC,37078.593,599.132,17000.479
144217,2020,PIMCO CA MUNICIPAL INCOME FD,,,
144218,2020,PIMCO MUNICIPAL INCOME FD,,,
144219,2020,PIMCO NY MUNICIPAL INCOME FD,,,
144435,2020,BUNGE LTD,23655,365,
144496,2020,UBS GROUP AG,1125765,,59517
144620,2020,BLACKROCK CA MUN INCOME FUND,,,
144621,2020,BLACKROCK MUN INCOME FUND,,,
144622,2020,BLACKROCK MUN INCOME INV TR,,,
144624,2020,BLACKROCK NY MUN INCOME FUND,,,
144998,2020,XPO LOGISTICS INC,16169,526,2708
145024,2020,GLADSTONE CAPITAL CORP,459.177,0,233.743
145046,2020,ANTHEM INC,86615,1021,33199
145414,2020,NUVEEN MUN CREDIT INCM FD,,,
145552,2020,CENTENE CORP,68719,869,25773
145701,2020,PRINCIPAL FINANCIAL GRP INC,296627.7,,16558.9
146017,2020,ACUITY BRANDS INC,3491.7,54.9,2127.5
146081,2020,NUVEEN REAL ESTATE INCOME FD,,,
146140,2020,PIEDMONT OFFICE REALTY TRUST,3739.81,,1896.278
146217,2020,BLACKROCK CORE BOND TRUST,,,
146538,2020,PIMCO CORP & INCM STRGY FUND,,,
146886,2020,ALLIANCEBERNSTEIN NATL MUN,,,
147432,2020,COHEN & STEERS QTY INCM RLTY,,,
147579,2020,NETFLIX INC,39280.359,497.923,11065.24
147708,2020,CALAVO GROWERS INC,429.624,11.343,254.53
147831,2020,NUVEEN AMTFREE  MUNI CRDT,,,
147841,2020,WESTERN ASSET PREMIER BD FD,,,
147849,2020,COMPUTER PROGRAMS & SYSTEMS,326.272,3.336,200
147988,2020,AECOM,12998.951,114.591,3292.558
148349,2020,TRANSDIGM GROUP INC,18395,105,-3972
148390,2020,FORMFACTOR INC,963.217,55.865,744.084
148430,2020,BLACKROCK VA MUNICIPAL BOND,,,
148432,2020,BLACKROCK MUNICIPAL BOND TR,,,
148435,2020,BLACKROCK MD MUNICIPAL BOND,,,
148436,2020,BLACKROCK NY MUNICIPAL BOND,,,
149070,2020,CME GROUP INC,124659.6,,26319.9
149258,2020,CALAMOS CONV OPP AND INC FD,,,
149264,2020,PIMCO CALIF MUN INCOME FD II,,,
149265,2020,PIMCO MUNICIPAL INCOME FD II,,,
149266,2020,PIMCO NY MUN INCOME FUND II,,,
149337,2020,NASDAQ INC,17979,,6433
149618,2020,BANC OF CALIFORNIA INC,7877.334,,712.329
149697,2020,BLACKROCK MUNI INCOME TR II,,,
149698,2020,BLACKROCK NY MUN INCM TR II,,,
149738,2020,CIT GROUP INC,58106.6,,5197.9
149906,2020,HENNESSY ADVISORS INC,94.786,0.172,78.178
150158,2020,HANCOCK JOHN PFD INCOME FD,,,
150241,2020,EATON VANCE MUN BOND FD,,,
150242,2020,EATON VANCE NY MUN BOND FD,,,
150243,2020,EATON VANCE CA MUN BOND FD,,,
150306,2020,TEXAS CAPITAL BANCSHARES INC,37726.096,2.796,2721.224
150481,2020,SAIA INC,1548.774,231.142,961.288
150680,2020,NUVEEN PFD SECURITIES INCM,,,
150700,2020,NEUBERGER BERMAN CA INT MUN,,,
150701,2020,NEUBERGER BERMAN NY INT MUN,,,
150702,2020,NEUBERGER BERMAN MUNI FD,,,
150764,2020,TFI INTERNATIONAL INC,4987.432,184.902,2319.444
150937,2020,SEAGATE TECHNOLOGY PLC,8930,585,1787
151157,2020,BLACKROCK MUN INC QLTY TR,,,
151159,2020,BLACKROCK NY MUN INC QLTY TR,,,
151160,2020,BLACKROCK MUN INC INVST QLTY,,,
151162,2020,PIMCO MUNICIPAL INCM FD III,,,
151163,2020,PIMCO CALIF MUN INC FD III,,,
151164,2020,PIMCO NY MUN INCOME FUND III,,,
151572,2020,NUVEEN CALIF AMT-FREE QTY,,,
151574,2020,NUVEEN NY AMT-FREE QL MUN,,,
151575,2020,NUVEEN AMT-FREE QU MUNI INCM,,,
151619,2020,HANCOCK JOHN PREF INCM FD II,,,
152008,2020,PLURISTEM THERAPEUTICS INC,65.532,0.27,56.101
152029,2020,FEDERATED HERMES PREMIER MUN,,,
152071,2020,PIMCO CORP & INCM OPPTY FUND,,,
152149,2020,MOLINA HEALTHCARE INC,9532,74,2096
152548,2020,FLAHERTY & CRUMRINE PFD SECS,,,
153130,2020,AXIS CAPITAL HOLDINGS LTD,25877.687,,4745.694
153253,2020,NUVEEN PFD INCM OPPTYS FD,,,
153773,2020,ADVENT CONVERTIBL AND INC FD,,,
153957,2020,BRAINSTORM CELL THERAPEUTICS,51.259,0.378,35.464
154039,2020,NETGEAR INC,1106.039,,689.384
154117,2020,BLACKROCK CORP HI YIELD FUND,,,
154118,2020,EATON VANCE LTD DUR INCM FD,,,
154133,2020,CALAMOS CONV & HIGH INCM FD,,,
154585,2020,COHEN & STEERS REIT & PF&INM,,,
154609,2020,WELLS FARGO MULTI-SEC INCOME,,,
154673,2020,NUVEEN CREDIT STRATEGIES,,,
155321,2020,BLACKROCK LTD DURATN INC TR,,,
155323,2020,NEUBERGER BERMAN H YLD ST FD,,,
155895,2020,PIMCO INCOME STRATEGY FUND,,,
155936,2020,FLAHERTY & CRUMRINE TOT RET,,,
156155,2020,SYNNEX CORP,13468.59,197.965,4338.859
156157,2020,MARLIN BUSINESS SERVICES INC,1021.998,,196.365
156518,2020,EATON VANCE TAX ADVT DIV INC,,,
156521,2020,NUVEEN DIVERSIFIED DIV INCM,,,
156522,2020,WESTERN ASS INF-LKD INCM FND,,,
156633,2020,UNIVERSAL TECHNICAL INST,441.981,9.262,176.522
156861,2020,TEMPUR SEALY INTL INC,3308.6,111.3,503.6
156953,2020,HILLTOP HOLDINGS INC,16944.264,,2323.939
157040,2020,BLACKROCK FLTG RATE INCM STR,,,
157041,2020,NEUBERGER BERMAN RE SEC FD,,,
157418,2020,NUVEEN MUN HIGH INC OPP FD,,,
157479,2020,EATON VANCE SR FLTNG RTE TR,,,
157480,2020,GABELLI DIVIDEND & INCOME TR,,,
157583,2020,WESTERN ASST EMERG MRKT DEBT,,,
157865,2020,MEI PHARMA INC,209.728,0.894,78.218
158456,2020,NUVEEN TAX-ADV TOT RET ST FD,,,
158494,2020,EATON VANCE TX ADV GLBL DIV,,,
158742,2020,MARKETAXESS HOLDINGS INC,1331.429,45.628,955.061
160225,2020,MASTERCARD INC,33584,339,6391
160233,2020,PROSPECT CAPITAL CORP,5300.163,0,3055.861
160252,2020,NUVEEN FLOATNG RATE INCME FD,,,
160287,2020,EATON VANCE TAX AD GLB DV OP,,,
160288,2020,LAZARD GLOBAL TOTAL RET INCM,,,
160303,2020,BLACKROCK ENHANCED CAP & INC,,,
160305,2020,WELLS FARGO UTIL & HI INCOME,,,
160329,2020,ALPHABET INC,319616,22281,222544
160329,2020,ALPHABET INC,319616,22281,222544
160488,2020,NEUROMETRIX INC,7.995,0,5.248
160550,2020,GABELLI GLOBAL UTIL &INCM TR,,,
160598,2020,BEACON ROOFING SUPPLY INC,6957.5,48.5,1760.9
160750,2020,FIRST TRUST ENERGY INCM & GR,,,
160776,2020,SIGNATURE BANK/NY,73888.344,,5826.902
160952,2020,MADISON CVD CALL & EQ STRTGY,,,
160955,2020,NUVEEN FLOATING RATE INCM OP,,,
160991,2020,DIGITAL REALTY TRUST INC,36076.291,,16766.757
160997,2020,NANOVIRICIDES INC,23.914,0.009,21.758
161125,2020,BLACKROCK FLTING RATE INC TR,,,
161791,2020,FIRST TR ENHANCED EQUITY,,,
161844,2020,LAS VEGAS SANDS CORP,20807,1330,2973
161853,2020,KEARNY FINANCIAL CORP,6758.175,5.96,1084.177
161924,2020,PRUDENTIAL BANCORP INC,1223.353,0.407,129.117
161942,2020,BANKFINANCIAL CORP,1596.842,,172.93
161954,2020,KAYNE ANDERSON MLP/MD INV CO,,,
162123,2020,NUVEEN S&P 500 BUY-WRITE INC,,,
162124,2020,PIMCO INCOME STRATEGY FD II,,,
162125,2020,WESTERN ASST VAR RT STRAT FD,,,
162160,2020,MEDICAL PROPERTIES TRUST,16829.014,,7338.532
162171,2020,EATON VANCE ENHNCD EQ INC FD,,,
162254,2020,CELANESE CORP,10909,364,3526
162293,2020,FIRST INTERNET BANCORP,4246.156,,330.944
162354,2020,DOLBY LABORATORIES INC,2917.325,66.347,2432.643
162391,2020,FIRST TR ABERDEEN GLBL OPP F,,,
162559,2020,LAZARD LTD,5971.861,,911.772
162560,2020,AXOS FINANCIAL INC,13851.9,12.333,1225.783
162568,2020,BLACKROCK ENERGY AND RES TR,,,
162571,2020,PIONEER FLOATING RATE TR,,,
162577,2020,FIDUCIARY/CLAYMR EGY INFR FD,,,
162825,2020,HOME FEDERAL BANCORP INC/LA,518.22,0.97,50.535
162859,2020,EATON VANCE ENHNCD EQ INC II,,,
162887,2020,DEXCOM INC,4290.5,,1826.5
162906,2020,IHS MARKIT LTD,16135.2,274.8,8529.4
162914,2020,RADIANT LOGISTICS INC,300.04,5.175,137.366
163025,2020,EATON VANCE SHORT DRTN DIV,,,
163029,2020,VIRTUS ALLIANZGI DIVIDEND IN,,,
163069,2020,KENTUCKY FIRST FEDERAL BNCRP,321.136,0.165,51.911
163118,2020,WARNER MUSIC GROUP CORP,6410,85,-63
163610,2020,INTERCONTINENTAL EXCHANGE,126200,410,19498
163614,2020,GAMCO GLOBAL GOLD NTRL RES,,,
163620,2020,BLACKROCK HEALTH SCIENCES TR,,,
163773,2020,EATON VANCE TX-MGD BUY-WRITE,,,
163844,2020,NUVEEN DOW 30SM DYN OVRWRITE,,,
163920,2020,WESTERN ALLIANCE BANCORP,36461,,3413.5
163983,2020,TREEHOUSE FOODS INC,5485.7,,1865
164010,2020,FIRST TRUST MORTGAGE INCM FD,,,
164011,2020,BLACKROCK ENHANCED GL DVD TR,,,
164086,2020,CIMPRESS PLC,1815.006,50.467,-407.504
164197,2020,EATON VANCE TX MNGD OPPTY FD,,,
164211,2020,SILICON MOTION TECH -ADR,742.06,18.784,557.742
164364,2020,INVESTORS BANCORP INC,26023.159,,2710.003
164416,2020,IROBOT CORP,1189.728,31.599,804.434
164511,2020,ADVAXIS INC,38.526,0,30.18
164633,2020,HOME BANCSHARES INC,16398.804,,2605.758
164684,2020,BLACKROCK ENHNCD EQTY DIV TR,,,
164688,2020,MACQUARIE GLBL INFRA TTL RTN,,,
164689,2020,GUGGENHEIM ENHANCED EQY INCM,,,
164702,2020,HOLLYSYS AUTOMATION TECH LTD,1360.835,8.098,984.483
164724,2020,MAINSTREET BANCSHARES INC,1643.165,,140.402
165052,2020,UNDER ARMOUR INC,5030.628,92.291,1675.993
165052,2020,UNDER ARMOUR INC,5030.628,92.291,1675.993
165225,2020,EATON VANCE TX-MGD GLBL B-W,,,
165262,2020,DHT HOLDINGS INC,1621.989,27.552,1108.921
165436,2020,CALAMOS GLOBAL TOTAL RETURN,,,
165437,2020,BLACKROCK ENHNCD GOVT FD INC,,,
165465,2020,MAGYAR BANCORP INC,753.997,0.147,56.85
165606,2020,NUVEEN S&P 500 DYN OVERWRITE,,,
165678,2020,COPA HOLDINGS SA,3853.384,,1292.014
165798,2020,URANIUM ENERGY CORP,91.39,0.164,64.417
165914,2020,CHIPOTLE MEXICAN GRILL INC,5982.896,373.352,2020.135
165993,2020,FIDELITY NATIONAL INFO SVCS,83842,263,49300
166213,2020,LIQUIDITY SERVICES INC,196.634,4.186,111.815
166391,2020,BLACKROCK L-T MUNI ADV TRUST,,,
166435,2020,VANDA PHARMACEUTICALS INC,533.456,,453.266
166447,2020,ANAVEX LIFE SCIENCES CORP,34.542,0,27.236
166482,2020,MUELLER WATER PRODUCTS INC,1395,67.7,640.7
166789,2020,GENERAL FINANCE CORP/DE,756.022,62.423,134.313
170335,2020,PROOFPOINT INC,2498.71,72.42,441.744
170396,2020,CUSTOMERS BANCORP INC,18439.248,,899.615
170419,2020,HOMETRUST BANCSHARES INC,3722.852,16.918,408.263
170450,2020,ORAMED PHARMACEUTICALS INC,44.633,0.082,32.879
170527,2020,POST HOLDINGS INC,12146.7,234.6,2854.5
170589,2020,DOUBLELINE OPPORTUNISTIC FD,,,
170617,2020,FACEBOOK INC,159316,15115,128290
170966,2020,BRANDYWINEGBL GBL INCM OPP,,,
171007,2020,SERVICENOW INC,8715.057,419.327,2834.481
171067,2020,PALO ALTO NETWORKS INC,9065.4,214.4,1101.8
174282,2020,ENERGY SERVICES OF AMERICA,58.163,3.535,25.824
174360,2020,RMR MORTGAGE TRUST,,,
174449,2020,COMMUNITY BANKERS TRUST CORP,1644.758,,169.654
174926,2020,NEXPOINT STRATEGIC OPPT FUND,,,
175265,2020,ABERDEEN GBL DYNAMC DIV FUND,,,
175307,2020,DOUGLAS EMMETT INC,9250.825,,2437.091
175319,2020,HANESBRANDS INC,7698.874,53.735,813.958
175635,2020,MORGAN STANLEY CHINA A SH FD,,,
175900,2020,SALLY BEAUTY HOLDINGS INC,2895.147,110.858,15.443
176093,2020,COHEN & STEERS CL-END OPP FD,,,
176142,2020,EATON VANCE TX-MAN DIV EQ IN,,,
176247,2020,ALTRA INDUSTRIAL MOTION CORP,4208.1,33.7,1996.7
176333,2020,BLACKROCK CR ALLOC INCM TR,,,
176559,2020,ABERDEEN TOTL DYNMC DIV FUND,,,
176560,2020,GDL FUND,,,
176561,2020,NUVEEN NASDAQ 100 DYN OVRWRT,,,
176567,2020,SUPER MICRO COMPUTER INC,1918.646,44.338,1065.54
176572,2020,AVIAT NETWORKS INC,179.801,4.608,68.681
176670,2020,ACCURAY INC,490.927,3.558,63.635
176703,2020,ESSA BANCORP INC,1893.515,1.041,191.397
176760,2020,DOMTAR CORP,4856,175,2260
176766,2020,TFS FINANCIAL CORP,14642.221,3.207,1671.853
176768,2020,BRIDGELINE DIGITAL INC,10.66,0,4.356
176782,2020,GLU MOBILE INC,653.855,,417.094
176793,2020,EATON VANCE TAX-MNGD GLBL DV,,,
176794,2020,VIRTUS ALLIANZGI EQUITY & CO,,,
176928,2020,BROADRIDGE FINANCIAL SOLUTNS,4889.8,62.7,1346.5
177052,2020,WELLS FARGO GBL DIV OPP FD,,,
177055,2020,NUVEEN CORE EQUITY ALPHA FND,,,
177067,2020,CAPITAL PRODUCT PARTNERS LP,822.198,185.247,422.078
177088,2020,BLACKSTONE GROUP INC,26269.252,,6652.043
177216,2020,PENNANTPARK INVESTMENT CORP,1114.353,0,525.709
177244,2020,MORGN STAN EMER MKTS DOM DBT,,,
177267,2020,TE CONNECTIVITY LTD,19242,560,9383
177279,2020,ABERDEEN GBL PREMR PPTS FUND,,,
177424,2020,FIRST TRUST SPECIALTY FIN,,,
177533,2020,BLACKROCK ENHANCED INT DV TR,,,
177537,2020,PIONEER DIVERSIFIED HGH INCM,,,
177644,2020,GABELLI EQUITY HLTHCR & WLLN,,,
177734,2020,COLOR STAR TECHNOLOGY CO LTD,7.119,2,6.59
177744,2020,PROS HOLDINGS INC,539.971,30.179,117.037
177786,2020,CALAMOS GLOBAL DYNAMIC INCM,,,
177787,2020,DELAWARE ENHNCD GLBL DIV&INC,,,
177791,2020,NUVEEN TAX-ADVNTGD DIV GRWTH,,,
177792,2020,INVESCO DYNAMIC CREDIT OPPTY,,,
177943,2020,DHI GROUP INC,240.987,16.104,127.57
177983,2020,GENPACT LTD,4873.513,70.17,1834.229
178019,2020,GUGGENHEIM STRATEGIC OPP FD,,,
178021,2020,EATON VANCE RISK-MNGD DIV EQ,,,
178248,2020,CUSHING MLP & INFASTCR TR FD,,,
178310,2020,TERADATA CORP,2193,44,400
178395,2020,VOYA INTL HI DIV EQ INCM FD,,,
178406,2020,JOHN HANCOCK TAX-ADV GLBL FD,,,
178519,2020,LPL FINANCIAL HOLDINGS INC,6523.571,,1314.854
178545,2020,FIRST FINANCIAL NORTHWEST,1387.669,,156.302
178703,2020,PZENA INVESTMENT MANAGEMENT,188.687,,31.106
178803,2020,ENSIGN GROUP INC,2545.578,50.326,818.077
178862,2020,CHIMERA INVESTMENT CORP,17523.019,,3779.014
178976,2020,STRIDE INC,1073.263,1.677,675.329
179059,2020,UNITED STATES 12 MNTH OIL LP,,,
179077,2020,FORESTAR GROUP INC,1739.9,0.6,870.9
179298,2020,MERIDIAN BANCORP INC (MD),6619.848,,768.885
179413,2020,CARDIOVASCULAR SYSTEMS INC,339.519,3.369,268.792
179461,2020,AYTU BIOSCIENCE INC,152.836,0,95.015
179534,2020,VISA INC,80919,736,31124
179583,2020,FABRINET,1381.387,42.327,974.409
179621,2020,PHILIP MORRIS INTERNATIONAL,44815,602,-12567
179657,2020,HILLENBRAND INC,3987.4,35.9,1059
179819,2020,QUANEX BUILDING PRODUCTS,691.585,25.726,355.759
179840,2020,FLUIDIGM CORP,324.757,12.717,139.05
179889,2020,AGNC INVESTMENT CORP,81817,,9590
180016,2020,MRC GLOBAL INC,1781,11,350
180109,2020,MALVERN BANCORP INC,1212.021,0.3,143.55
180118,2020,SINO-GLOBAL SHIPPING AMERICA,5.738,0.007,6.184
180183,2020,HOME BANCORP INC,2591.85,,321.842
180193,2020,OAKTREE SPECIALTY LENDING CP,1640.712,0,914.879
180345,2020,RESEARCH SOLUTIONS INC,14.813,0,4.859
180405,2020,ACTIVISION BLIZZARD INC,23109,78,15037
180413,2020,CHINA DISTANCE EDUCATION-ADR,398.139,4.417,77.975
180483,2020,BERRY GLOBAL GROUP INC,16701,583,2092
180683,2020,IBIO INC,94.189,1.078,56.618
180690,2020,RECON TECHNOLOGY LTD,27.521,0.548,15.576
180711,2020,BROADCOM INC,75933,463,23874
180822,2020,MASTECH DIGITAL INC,102.046,,59.533
180958,2020,FIRST SAVINGS FINANCIAL GP,1764.625,7.308,157.272
181269,2020,GREEN PLAINS INC,1578.917,110.579,646.852
181820,2020,FS BANCORP INC,2113.241,,230.007
182023,2020,ONCOSEC MEDICAL INC,29.903,0,13.87
182550,2020,NUVEEN AMT-FREE MUNI VL FD,,,
182747,2020,WESTERN ASSET MUN DEF OPP TR,,,
182921,2020,NUVEEN NJ MUNICIPAL VALUE FD,,,
182922,2020,NUVEEN NY MUNICIPAL VL FD 2,,,
182924,2020,NUVEEN PA MUNICIPAL VALUE FD,,,
182925,2020,NUVEEN CA MUNICIPAL VL FD 2,,,
183036,2020,EATON VANCE NATL MUN OPP TR,,,
183198,2020,WESTERN ASSET INVST GR DF OP,,,
183324,2020,PENNYMAC MORTGAGE INVEST TR,11516.346,,1997.152
183325,2020,TORTOISE POWER & ENERGY INFR,,,
183377,2020,FORTINET INC,4044.5,125.9,856
183547,2020,CODA OCTOPUS GROUP INC,38.039,0.835,34.396
183620,2020,NUVEEN ENHANCED MUNI VALUE,,,
183736,2020,GENERAC HOLDINGS INC,3235.423,62.128,1390.293
183780,2020,TWO HARBORS INVESTMENT CORP,19515.921,,2111.425
183903,2020,CALIX INC,427.352,7.819,280.325
183918,2020,COLUMBIA SELIGMAN PRM TEC GR,,,
183919,2020,WESTERN ASST GBL CORP DFN OP,,,
183932,2020,CHINA HGS REAL ESTATE INC,353.964,0,168.326
183933,2020,NUVEEN MORTGAGE OPPRTNY TRM,,,
183942,2020,SENSATA TECHNOLOGES HLDG PLC,7844.202,106.719,2705.486
183974,2020,SPS COMMERCE INC,525.525,16.467,420.721
184101,2020,TELENAV INC,293.751,0.933,96.97
184157,2020,MSG NETWORKS INC,850.803,2.814,-552.849
184167,2020,FIRST INTERSTATE BANCSYSTEM,17648.7,,1959.8
184224,2020,VOYA INFRASTR INDL AND MATLS,,,
184259,2020,S&W SEED CO,155.956,1.972,81.456
184263,2020,QUINSTREET INC,358.407,4.253,255.944
184363,2020,WESTERN ASSET MORTGAGE OP FD,,,
184500,2020,CBOE GLOBAL MARKETS INC,6516.5,,3348.9
184604,2020,ALPHA AND OMEGA SEMICONDUCTR,792.939,62.398,293.689
184689,2020,GOLUB CAPITAL BDC INC,4444.284,0,2396.193
184700,2020,FLEETCOR TECHNOLOGIES INC,11194.579,78.425,3355.411
184725,2020,NXP SEMICONDUCTORS NV,19847,392,8944
184768,2020,NUVEEN TAXABLE MNCPL INC FD,,,
184797,2020,REALPAGE INC,3488.015,63.585,1615.343
184936,2020,BLACKSTONE/GSO SR FLT RT FD,,,
184996,2020,TESLA INC,52148,3232,22225
185062,2020,TEUCRIUM CORN FUND,,,
185112,2020,INPHI CORP,1008.236,74.823,353.71
185125,2020,ELECTROMED INC,33.245,0.844,30.25
185156,2020,CLEARBRIDGE ENERGY MLP FUND,,,
185157,2020,EATON VANCE TAX-MG BUY-WT ST,,,
185177,2020,CORESITE REALTY CORP,2176.273,0,63.581
185315,2020,TORTOISE MIDSTRM EN FUND INC,,,
185370,2020,WALKER & DUNLOP INC,4650.975,,1196.222
185380,2020,SEMILEDS CORP,14.58,0.271,2.522
185484,2020,FIRST TRUST HIGH INCM LG/SHR,,,
185549,2020,AMERICAN ASSETS TRUST INC,2817.309,,1271.442
185565,2020,GUGGENHEIM TAXABLE MUN MNGD,,,
185569,2020,OCONEE FEDERAL FINANCIAL CP,515.582,1.848,88.305
185593,2020,WESTERN ASSET HIGH YLD DFND,,,
185770,2020,COSTAMARE INC,3010.516,,1348.82
185775,2020,ABERDEEN STNDRD PHY PRC -ETF,,,
185809,2020,SPROTT PHYSICAL SILVER TRUST,,,
185824,2020,BANKUNITED INC,35010.493,,2983.012
185952,2020,REV GROUP INC,1312.3,16.8,472.3
185966,2020,KAYNE ANDERSON MDSTRM/ENG FD,,,
185968,2020,COHEN & STEERS SL PFD & INC,,,
186152,2020,STONE HARBOR EMERGING MKT FD,,,
186279,2020,PHENIXFIN CORP,306.103,0,150.62
186310,2020,HUNTINGTON INGALLS IND INC,8157,336,1901
186329,2020,ABERDEEN INCM CRED STRA FUND,,,
186331,2020,BLACKSTONE/GSO LONG-SHORT FD,,,
186332,2020,GAMCO NAT RES GOLD & INCM TR,,,
186556,2020,APOLLO SENIOR FLOATING RT FD,,,
186773,2020,SUNCOKE ENERGY INC,1613.4,73.9,469
186817,2020,BLACKROCK RESOURCES & CMD ST,,,
186858,2020,ARAMARK,15712.684,418.508,2735.988
186893,2020,PENNANTPARK FLOATING RT CAP,1148.287,0,477.27
186904,2020,CLEANSPARK INC,22.34,0.035,16.424
186960,2020,CHEFS' WAREHOUSE INC,974.325,7.036,344.59
186962,2020,SEQUANS COMMUNICATIONS SA,87.322,6.566,-37.126
187039,2020,ZILLOW GROUP INC,7486.56,84.94,4741.816
187039,2020,ZILLOW GROUP INC,7486.56,84.94,4741.816
187099,2020,VOYA EM MKTS HI INCM DIV EQ,,,
187164,2020,HOMESTREET INC,7237.091,,717.75
187450,2020,ENPHASE ENERGY INC,1200.102,20.558,483.993
187462,2020,UBIQUITI INC,737.451,30.619,-295.458
187551,2020,TRINSEO SA,2845.2,82.3,590.3
187576,2020,ZYNGA INC,6206.5,18.8,2941.5
187596,2020,IF BANCORP INC,735.517,0.158,82.564
187694,2020,DUFF & PHELPS GLB UTL INC FD,,,
187696,2020,PROTO LABS INC,744.204,47.01,644.356
187740,2020,M/ACOM TECHNOLOGY SOLUTIONS,1146.428,17.573,300.146
188255,2020,FORTUNE BRANDS HOME & SECUR,7358.7,150.5,2775.5
189491,2020,XYLEM INC,8750,183,2968
189517,2020,ENOVA INTERNATIONAL INC,2108.075,29.491,917.348
190455,2020,GUIDEWIRE SOFTWARE INC,2364.852,25.66,1656.768
190963,2020,NATIONAL BANK HLDGS CORP,6659.95,,820.691
191355,2020,TORTOISE PIPELINE & ENRGY FD,,,
196268,2020,YELP INC,1154.947,32.002,854.534
200480,2020,MANCHESTER UNITED PLC,1713.008,26.363,434.895
201336,2020,CRESUD SACIFYA,9750.255,86.808,357.101
201706,2020,DRDGOLD LTD,327.122,10.438,232.85
208079,2020,SIMS LTD,2213.557,97.004,1368.62
